sample	protein	length	hits	self	close	distal	match
GUT_GENOME052135	GUT_GENOME052135_00001	244	36	13.3411	13.1158	0.545263	523846
GUT_GENOME052135	GUT_GENOME052135_00002	243	34	4.93587	6.56713	7.39279	131567
GUT_GENOME052135	GUT_GENOME052135_00003	449	6	4.09181	0	0	0
GUT_GENOME052135	GUT_GENOME052135_00004	1881	0	0	0	0	0
GUT_GENOME052135	GUT_GENOME052135_00005	267	1	0.740331	0	0	0
GUT_GENOME052135	GUT_GENOME052135_00006	257	447	10.5426	0	261.881	2
GUT_GENOME052135	GUT_GENOME052135_00007	593	438	7.1188	0	216.555	1783272
GUT_GENOME052135	GUT_GENOME052135_00008	59	0	0	0	0	0
GUT_GENOME052135	GUT_GENOME052135_00009	216	445	8.09877	0	239.109	2
GUT_GENOME052135	GUT_GENOME052135_00010	335	454	10.0234	0	279.02	2
GUT_GENOME052135	GUT_GENOME052135_00011	193	448	9.38363	0	264.128	131567
GUT_GENOME052135	GUT_GENOME052135_00012	502	460	10.0601	0	274.211	1239
GUT_GENOME052135	GUT_GENOME052135_00013	144	2	1.69057	0	0	0
GUT_GENOME052135	GUT_GENOME052135_00014	248	2	1.87805	0	0	0
GUT_GENOME052135	GUT_GENOME052135_00015	242	2	1.8382	0	0	0
GUT_GENOME052135	GUT_GENOME052135_00016	67	0	0	0	0	0
GUT_GENOME052135	GUT_GENOME052135_00017	450	129	15.1416	13.3012	49.2695	2283794
GUT_GENOME052135	GUT_GENOME052135_00018	283	2	1.90816	0	0	0
GUT_GENOME052135	GUT_GENOME052135_00019	815	31	12.4667	5.69709	1.00518	131567
GUT_GENOME052135	GUT_GENOME052135_00020	440	0	0	0	0	0
GUT_GENOME052135	GUT_GENOME052135_00021	62	0	0	0	0	0
GUT_GENOME052135	GUT_GENOME052135_00022	407	17	10.2889	0.467564	0	0
GUT_GENOME052135	GUT_GENOME052135_00024	1379	3	1.45277	0	0	0
GUT_GENOME052135	GUT_GENOME052135_00025	311	7	1.5536	2.4736	0	0
GUT_GENOME052135	GUT_GENOME052135_00026	128	12	6.74517	0.640927	1.30116	186802
GUT_GENOME052135	GUT_GENOME052135_00027	956	22	8.55182	0.62127	4.41291	186802
GUT_GENOME052135	GUT_GENOME052135_00028	108	0	0	0	0	0
GUT_GENOME052135	GUT_GENOME052135_00029	62	0	0	0	0	0
GUT_GENOME052135	GUT_GENOME052135_00030	151	35	14.1733	13.51	0.596667	523846
GUT_GENOME052135	GUT_GENOME052135_00031	513	7	4.70438	0	0	0
GUT_GENOME052135	GUT_GENOME052135_00032	96	2	1.87437	0	0	0
GUT_GENOME052135	GUT_GENOME052135_00033	184	2	1.80556	0	0	0
GUT_GENOME052135	GUT_GENOME052135_00034	136	6	4.66538	0	0	0
GUT_GENOME052135	GUT_GENOME052135_00035	248	2	1.77752	0	0	0
GUT_GENOME052135	GUT_GENOME052135_00036	404	17	5.36915	1.54235	2.30594	1239
GUT_GENOME052135	GUT_GENOME052135_00037	454	41	14.3415	13.1596	1.06338	523846
GUT_GENOME052135	GUT_GENOME052135_00038	145	31	13.3857	8.84643	0	0
GUT_GENOME052135	GUT_GENOME052135_00039	152	63	12.7285	12.4172	16.096	2157
GUT_GENOME052135	GUT_GENOME052135_00040	213	358	14.5806	13.91	179.37	28890
GUT_GENOME052135	GUT_GENOME052135_00041	193	95	12.1589	12.2548	29.1781	28890
GUT_GENOME052135	GUT_GENOME052135_00042	148	34	14.1609	13.751	0.662835	523846
GUT_GENOME052135	GUT_GENOME052135_00043	109	15	13.0613	0	0	0
GUT_GENOME052135	GUT_GENOME052135_00044	178	183	13.3914	13.8686	79.2457	523846
GUT_GENOME052135	GUT_GENOME052135_00045	130	71	13.8604	13.3811	26.3623	28890
GUT_GENOME052135	GUT_GENOME052135_00046	170	47	12.5075	13.3063	7.02703	523846
GUT_GENOME052135	GUT_GENOME052135_00047	242	37	14.0609	10.145	0.936975	523846
GUT_GENOME052135	GUT_GENOME052135_00048	117	6	5.15652	0	0	0
GUT_GENOME052135	GUT_GENOME052135_00049	132	52	13.2869	13.0876	15.9163	28890
GUT_GENOME052135	GUT_GENOME052135_00050	105	30	12.0512	14.2558	0	0
GUT_GENOME052135	GUT_GENOME052135_00051	92	2	1.9375	0	0	0
GUT_GENOME052135	GUT_GENOME052135_00052	113	31	14.708	12.3009	0	0
GUT_GENOME052135	GUT_GENOME052135_00053	68	0	0	0	0	0
GUT_GENOME052135	GUT_GENOME052135_00054	250	401	13.9545	13.5813	187.012	2157
GUT_GENOME052135	GUT_GENOME052135_00055	154	43	12.2997	11.6938	5.60912	28890
GUT_GENOME052135	GUT_GENOME052135_00056	136	45	13.1309	16.8836	5.60364	28890
GUT_GENOME052135	GUT_GENOME052135_00057	241	456	13.626	12.8781	255.062	2283794
GUT_GENOME052135	GUT_GENOME052135_00058	86	2	1.98802	0	0	0
GUT_GENOME052135	GUT_GENOME052135_00059	254	334	13.8454	16.9137	147.032	523846
GUT_GENOME052135	GUT_GENOME052135_00060	336	77	14.2282	14.0721	21.5375	523846
GUT_GENOME052135	GUT_GENOME052135_00061	275	43	13.9367	13.3237	0	0
GUT_GENOME052135	GUT_GENOME052135_00062	408	27	11.0478	4.48865	0.481481	1123375
GUT_GENOME052135	GUT_GENOME052135_00063	224	10	7.58409	0	0	0
GUT_GENOME052135	GUT_GENOME052135_00064	219	21	11.6116	1.97907	0	0
GUT_GENOME052135	GUT_GENOME052135_00065	394	7	5.30721	0	0	0
GUT_GENOME052135	GUT_GENOME052135_00066	426	18	12.8741	0	0	0
GUT_GENOME052135	GUT_GENOME052135_00067	133	16	11.2667	0	0	0
GUT_GENOME052135	GUT_GENOME052135_00068	917	9	6.60336	0	0	0
GUT_GENOME052135	GUT_GENOME052135_00069	407	18	10.8456	0	0	0
GUT_GENOME052135	GUT_GENOME052135_00070	503	32	13.1583	7.51379	0	0
GUT_GENOME052135	GUT_GENOME052135_00071	352	6	4.0486	0	0	0
GUT_GENOME052135	GUT_GENOME052135_00072	533	92	13.6958	5.43442	33.3805	28890
GUT_GENOME052135	GUT_GENOME052135_00073	401	32	12.7354	6.38856	2.00238	523846
GUT_GENOME052135	GUT_GENOME052135_00074	309	39	13.3855	11.1694	1.50323	523846
GUT_GENOME052135	GUT_GENOME052135_00075	349	16	8.42018	0	0	0
GUT_GENOME052135	GUT_GENOME052135_00076	149	11	8.66929	0	0	0
GUT_GENOME052135	GUT_GENOME052135_00077	365	11	7.05523	0	0	0
GUT_GENOME052135	GUT_GENOME052135_00078	76	0	0	0	0	0
GUT_GENOME052135	GUT_GENOME052135_00079	189	20	9.78765	4.22963	0	0
GUT_GENOME052135	GUT_GENOME052135_00080	458	32	13.5101	9.06057	1.41233	196118
GUT_GENOME052135	GUT_GENOME052135_00081	569	64	14.7217	12.7617	13.154	2283794
GUT_GENOME052135	GUT_GENOME052135_00082	288	18	9.55372	2.8292	0	0
GUT_GENOME052135	GUT_GENOME052135_00083	101	2	1.85567	0	0	0
GUT_GENOME052135	GUT_GENOME052135_00084	272	2	1.95331	0	0	0
GUT_GENOME052135	GUT_GENOME052135_00085	203	2	1.98603	0	0	0
GUT_GENOME052135	GUT_GENOME052135_00086	458	44	12.807	16.3326	2.38059	523846
GUT_GENOME052135	GUT_GENOME052135_00087	95	3	2.80628	0	0	0
GUT_GENOME052135	GUT_GENOME052135_00088	259	2	1.85127	0	0	0
GUT_GENOME052135	GUT_GENOME052135_00089	238	11	6.72609	0.473913	0	0
GUT_GENOME052135	GUT_GENOME052135_00090	256	58	11.5417	13.0813	9.62897	131567
GUT_GENOME052135	GUT_GENOME052135_00091	415	35	10.2854	10.1775	0.520384	523846
GUT_GENOME052135	GUT_GENOME052135_00092	202	10	7.25	0	0	0
GUT_GENOME052135	GUT_GENOME052135_00093	312	36	11.3193	8.89408	3.09813	2206
GUT_GENOME052135	GUT_GENOME052135_00094	768	34	13.2867	10.0667	0	0
GUT_GENOME052135	GUT_GENOME052135_00095	178	23	10.2535	3.65915	0.543662	523846
GUT_GENOME052135	GUT_GENOME052135_00096	131	26	10.1124	3.82772	4.44195	2206
GUT_GENOME052135	GUT_GENOME052135_00097	74	0	0	0	0	0
GUT_GENOME052135	GUT_GENOME052135_00098	223	10	7.85366	0	0	0
GUT_GENOME052135	GUT_GENOME052135_00099	81	0	0	0	0	0
GUT_GENOME052135	GUT_GENOME052135_00100	51	0	0	0	0	0
GUT_GENOME052135	GUT_GENOME052135_00101	194	50	12.7378	13.1105	5.42416	2283794
GUT_GENOME052135	GUT_GENOME052135_00102	118	1	1	0	0	0
GUT_GENOME052135	GUT_GENOME052135_00103	145	162	10.8328	12.9532	78.6288	28890
GUT_GENOME052135	GUT_GENOME052135_00104	85	0	0	0	0	0
GUT_GENOME052135	GUT_GENOME052135_00105	100	5	4.38942	0	0	0
GUT_GENOME052135	GUT_GENOME052135_00106	136	8	4.03759	0	1.92481	186802
GUT_GENOME052135	GUT_GENOME052135_00107	181	9	5.98023	0	0	0
GUT_GENOME052135	GUT_GENOME052135_00108	364	194	15.0352	17.872	84.8467	28890
GUT_GENOME052135	GUT_GENOME052135_00109	922	11	7.23189	0	0	0
GUT_GENOME052135	GUT_GENOME052135_00110	716	44	12.1238	16.6321	0.55911	523846
GUT_GENOME052135	GUT_GENOME052135_00111	391	190	13.7421	15.3508	78.0367	2283794
GUT_GENOME052135	GUT_GENOME052135_00112	256	89	12.3153	10.1365	26.6145	28890
GUT_GENOME052135	GUT_GENOME052135_00113	499	116	11.715	15.1682	50.8238	28890
GUT_GENOME052135	GUT_GENOME052135_00114	240	449	9.03758	0	269.582	2
GUT_GENOME052135	GUT_GENOME052135_00115	242	22	14.0582	0	0.789157	186801
GUT_GENOME052135	GUT_GENOME052135_00116	505	18	12.2536	0	0	0
GUT_GENOME052135	GUT_GENOME052135_00117	296	161	12.8296	13.7078	74.16	2283794
GUT_GENOME052135	GUT_GENOME052135_00118	350	32	13.4135	6.11635	0	0
GUT_GENOME052135	GUT_GENOME052135_00119	478	10	6.75465	0	0	0
GUT_GENOME052135	GUT_GENOME052135_00120	239	12	8.33921	0	0	0
GUT_GENOME052135	GUT_GENOME052135_00121	658	45	5.27265	6.51295	11.5914	131567
GUT_GENOME052135	GUT_GENOME052135_00122	250	9	6.07835	0	0	0
GUT_GENOME052135	GUT_GENOME052135_00123	238	7	5.16627	0	0	0
GUT_GENOME052135	GUT_GENOME052135_00124	315	117	4.62111	1.88927	53.6228	2
GUT_GENOME052135	GUT_GENOME052135_00125	104	7	6.44615	0	0	0
GUT_GENOME052135	GUT_GENOME052135_00126	87	0	0	0	0	0
GUT_GENOME052135	GUT_GENOME052135_00127	143	2	1.97143	0	0	0
GUT_GENOME052135	GUT_GENOME052135_00128	77	0	0	0	0	0
GUT_GENOME052135	GUT_GENOME052135_00129	128	9	7.57759	0	0	0
GUT_GENOME052135	GUT_GENOME052135_00130	796	2	1.6285	0	0	0
GUT_GENOME052135	GUT_GENOME052135_00131	414	18	11.2153	0.500626	0	0
GUT_GENOME052135	GUT_GENOME052135_00132	413	14	5.81349	1.93544	0	0
GUT_GENOME052135	GUT_GENOME052135_00133	474	44	13.9885	18.5799	2.0721	523846
GUT_GENOME052135	GUT_GENOME052135_00134	308	51	14.5088	17.4864	7.344	523846
GUT_GENOME052135	GUT_GENOME052135_00135	65	0	0	0	0	0
GUT_GENOME052135	GUT_GENOME052135_00136	92	1	0.988571	0	0	0
GUT_GENOME052135	GUT_GENOME052135_00137	219	12	8.27964	0	0	0
GUT_GENOME052135	GUT_GENOME052135_00138	344	19	12.1288	1.61071	0	0
GUT_GENOME052135	GUT_GENOME052135_00139	433	483	12.9774	12.6584	248.85	523846
GUT_GENOME052135	GUT_GENOME052135_00140	258	422	11.1667	13.4237	203.193	523846
GUT_GENOME052135	GUT_GENOME052135_00141	241	1	0.820225	0	0	0
GUT_GENOME052135	GUT_GENOME052135_00142	366	29	13.2107	5.49036	0	0
GUT_GENOME052135	GUT_GENOME052135_00143	235	412	12.256	15.7592	191.833	131567
GUT_GENOME052135	GUT_GENOME052135_00144	171	6	5.10823	0	0	0
GUT_GENOME052135	GUT_GENOME052135_00145	549	469	13.5991	17.1355	235.469	131567
GUT_GENOME052135	GUT_GENOME052135_00146	43	0	0	0	0	0
GUT_GENOME052135	GUT_GENOME052135_00147	301	51	13.0086	15.8832	4.10481	523846
GUT_GENOME052135	GUT_GENOME052135_00148	254	54	13.2292	12.2154	10.67	2283794
GUT_GENOME052135	GUT_GENOME052135_00149	236	20	11.6974	1.00215	0	0
GUT_GENOME052135	GUT_GENOME052135_00150	531	156	12.9837	16.4799	61.7107	523846
GUT_GENOME052135	GUT_GENOME052135_00151	104	2	1.78873	0	0	0
GUT_GENOME052135	GUT_GENOME052135_00152	160	38	11.9444	13.3399	0.591503	523846
GUT_GENOME052135	GUT_GENOME052135_00153	208	24	10.605	4.2275	0	0
GUT_GENOME052135	GUT_GENOME052135_00154	399	28	12.3122	4.49339	0.47619	523846
GUT_GENOME052135	GUT_GENOME052135_00155	374	98	12.2528	11.824	27.7235	523846
GUT_GENOME052135	GUT_GENOME052135_00156	318	400	10.8126	1.48189	193.817	1783272
GUT_GENOME052135	GUT_GENOME052135_00157	229	12	8.93263	0	0	0
GUT_GENOME052135	GUT_GENOME052135_00158	174	10	7.50435	0	0	0
GUT_GENOME052135	GUT_GENOME052135_00159	88	1	1	0	0	0
GUT_GENOME052135	GUT_GENOME052135_00160	298	100	13.2139	17.3831	32.2852	2283794
GUT_GENOME052135	GUT_GENOME052135_00161	341	27	6.53977	8.13636	0	0
GUT_GENOME052135	GUT_GENOME052135_00162	250	18	12.5313	0	0	0
GUT_GENOME052135	GUT_GENOME052135_00163	141	7	5.17708	0	0	0
GUT_GENOME052135	GUT_GENOME052135_00164	307	7	5.54777	0	0	0
GUT_GENOME052135	GUT_GENOME052135_00165	51	0	0	0	0	0
GUT_GENOME052135	GUT_GENOME052135_00166	270	45	15.0076	12.1556	1.89943	523846
GUT_GENOME052135	GUT_GENOME052135_00167	335	22	11.2276	1.88854	0.493808	523846
GUT_GENOME052135	GUT_GENOME052135_00168	271	2	1.85214	0	0	0
GUT_GENOME052135	GUT_GENOME052135_00169	212	475	16.1455	16.8545	220.488	523846
GUT_GENOME052135	GUT_GENOME052135_00170	89	2	1.98204	0	0	0
GUT_GENOME052135	GUT_GENOME052135_00171	53	0	0	0	0	0
GUT_GENOME052135	GUT_GENOME052135_00172	190	26	11.3586	4.86126	0	0
GUT_GENOME052135	GUT_GENOME052135_00173	112	6	5.12162	0	0	0
GUT_GENOME052135	GUT_GENOME052135_00174	120	2	1.9322	0	0	0
GUT_GENOME052135	GUT_GENOME052135_00175	592	253	15.2562	18.5807	109.332	2283794
GUT_GENOME052135	GUT_GENOME052135_00176	125	7	5.88797	0	0	0
GUT_GENOME052135	GUT_GENOME052135_00177	251	6	4.44972	0	0	0
GUT_GENOME052135	GUT_GENOME052135_00178	226	42	12.5452	16.5792	0.617647	523846
GUT_GENOME052135	GUT_GENOME052135_00179	146	7	5.28808	0	0	0
GUT_GENOME052135	GUT_GENOME052135_00180	234	39	12.3048	10.7456	0.546053	523846
GUT_GENOME052135	GUT_GENOME052135_00181	193	15	8.944	0	0.477333	523846
GUT_GENOME052135	GUT_GENOME052135_00182	188	30	13.3577	7.10141	0	0
GUT_GENOME052135	GUT_GENOME052135_00183	81	0	0	0	0	0
GUT_GENOME052135	GUT_GENOME052135_00184	307	352	14.6752	17.1051	205.518	2157
GUT_GENOME052135	GUT_GENOME052135_00185	218	0	0	0	0	0
GUT_GENOME052135	GUT_GENOME052135_00186	63	0	0	0	0	0
GUT_GENOME052135	GUT_GENOME052135_00187	335	11	5.65482	1.46954	0	0
GUT_GENOME052135	GUT_GENOME052135_00188	57	0	0	0	0	0
GUT_GENOME052135	GUT_GENOME052135_00189	69	0	0	0	0	0
GUT_GENOME052135	GUT_GENOME052135_00190	375	6	3.99711	0	0	0
GUT_GENOME052135	GUT_GENOME052135_00191	239	37	12.2582	11.5451	0.586066	523846
GUT_GENOME052135	GUT_GENOME052135_00192	668	35	12.8238	9.11308	0	0
GUT_GENOME052135	GUT_GENOME052135_00193	90	2	1.98305	0	0	0
GUT_GENOME052135	GUT_GENOME052135_00194	606	22	11.9781	2.07517	0	0
GUT_GENOME052135	GUT_GENOME052135_00195	383	39	14.8507	15.0787	0.736	523846
GUT_GENOME052135	GUT_GENOME052135_00196	316	373	11.7749	13.6592	165.625	28890
GUT_GENOME052135	GUT_GENOME052135_00197	163	2	1.99361	0	0	0
GUT_GENOME052135	GUT_GENOME052135_00198	286	57	12.4847	14.124	10.0363	2283794
GUT_GENOME052135	GUT_GENOME052135_00199	69	0	0	0	0	0
GUT_GENOME052135	GUT_GENOME052135_00200	435	58	11.7054	13.743	7.7993	523846
GUT_GENOME052135	GUT_GENOME052135_00201	549	74	12.2109	16.9952	14.896	523846
GUT_GENOME052135	GUT_GENOME052135_00202	36	0	0	0	0	0
GUT_GENOME052135	GUT_GENOME052135_00203	578	1	0	0	0.503534	2763661
GUT_GENOME052135	GUT_GENOME052135_00204	279	37	13.7476	11.5518	0	0
GUT_GENOME052135	GUT_GENOME052135_00205	138	7	5.59245	0	0	0
GUT_GENOME052135	GUT_GENOME052135_00206	309	18	11.548	0	0	0
GUT_GENOME052135	GUT_GENOME052135_00207	176	8	6.19591	0	0	0
GUT_GENOME052135	GUT_GENOME052135_00208	1058	492	15.493	18.1506	250.337	523846
GUT_GENOME052135	GUT_GENOME052135_00209	360	64	13.0893	13.728	14.0302	28890
GUT_GENOME052135	GUT_GENOME052135_00210	220	3	1.92394	0	0.391499	1121420
GUT_GENOME052135	GUT_GENOME052135_00211	235	34	11.6803	3.56916	4.12925	2259
GUT_GENOME052135	GUT_GENOME052135_00212	1053	2	1.85804	0	0	0
GUT_GENOME052135	GUT_GENOME052135_00213	72	0	0	0	0	0
GUT_GENOME052135	GUT_GENOME052135_00214	335	48	14.1268	12.2175	4.3302	523846
GUT_GENOME052135	GUT_GENOME052135_00215	266	33	9.92925	0.460803	7.81453	28890
GUT_GENOME052135	GUT_GENOME052135_00216	951	44	13.6319	16.6473	0.592916	523846
GUT_GENOME052135	GUT_GENOME052135_00217	175	455	6.6733	12.8977	245.125	131567
GUT_GENOME052135	GUT_GENOME052135_00218	130	10	8.43621	0	0	0
GUT_GENOME052135	GUT_GENOME052135_00219	404	471	11.9121	12.0691	264.04	2283794
GUT_GENOME052135	GUT_GENOME052135_00220	128	14	11.257	0	0	0
GUT_GENOME052135	GUT_GENOME052135_00221	596	59	14.9161	16.9694	8.31119	523846
GUT_GENOME052135	GUT_GENOME052135_00222	150	445	13.7973	14.8694	251.643	131567
GUT_GENOME052135	GUT_GENOME052135_00223	53	0	0	0	0	0
GUT_GENOME052135	GUT_GENOME052135_00224	68	0	0	0	0	0
GUT_GENOME052135	GUT_GENOME052135_00225	123	27	14.0261	8.24783	0	0
GUT_GENOME052135	GUT_GENOME052135_00226	174	4	3.57143	0	0	0
GUT_GENOME052135	GUT_GENOME052135_00227	95	4	3.67265	0	0	0
GUT_GENOME052135	GUT_GENOME052135_00228	59	0	0	0	0	0
GUT_GENOME052135	GUT_GENOME052135_00229	116	1	0.982456	0	0	0
GUT_GENOME052135	GUT_GENOME052135_00230	254	2	1.94015	0	0	0
GUT_GENOME052135	GUT_GENOME052135_00231	168	43	14.2369	15.6862	0.627692	523846
GUT_GENOME052135	GUT_GENOME052135_00232	189	2	1.92778	0	0	0
GUT_GENOME052135	GUT_GENOME052135_00233	223	4	2.80697	0	0	0
GUT_GENOME052135	GUT_GENOME052135_00234	268	39	12.9405	9.63941	0.912639	131567
GUT_GENOME052135	GUT_GENOME052135_00235	272	15	9.86301	0.530333	0	0
GUT_GENOME052135	GUT_GENOME052135_00236	312	34	11.125	9.01013	0.518581	523846
GUT_GENOME052135	GUT_GENOME052135_00237	232	19	9.3151	2.54486	0.507659	523846
GUT_GENOME052135	GUT_GENOME052135_00238	173	26	9.58405	6.5812	0	0
GUT_GENOME052135	GUT_GENOME052135_00239	197	29	11.9416	6.52538	0	0
GUT_GENOME052135	GUT_GENOME052135_00240	357	32	12.9681	7.32133	0	0
GUT_GENOME052135	GUT_GENOME052135_00241	264	9	6.25577	0	0	0
GUT_GENOME052135	GUT_GENOME052135_00242	68	0	0	0	0	0
GUT_GENOME052135	GUT_GENOME052135_00243	425	28	11.4589	6.5	2.44565	2594042
GUT_GENOME052135	GUT_GENOME052135_00244	426	2	1.92723	0	0	0
GUT_GENOME052135	GUT_GENOME052135_00245	171	313	9.46647	9.29446	150.195	131567
GUT_GENOME052135	GUT_GENOME052135_00246	145	17	10.3559	1.25979	0	0
GUT_GENOME052135	GUT_GENOME052135_00247	433	339	14.5445	17.6867	160.569	131567
GUT_GENOME052135	GUT_GENOME052135_00248	1311	14	6.47524	1.96619	0.475236	523846
GUT_GENOME052135	GUT_GENOME052135_00249	136	4	3.30798	0	0	0
GUT_GENOME052135	GUT_GENOME052135_00250	274	244	11.6502	11.5916	113.084	1239
GUT_GENOME052135	GUT_GENOME052135_00251	283	8	5.27197	0	0	0
GUT_GENOME052135	GUT_GENOME052135_00252	866	72	15.2749	18.3103	13.9805	523846
GUT_GENOME052135	GUT_GENOME052135_00253	155	3	2.50161	0	0	0
GUT_GENOME052135	GUT_GENOME052135_00254	122	4	3.3114	0	0	0
GUT_GENOME052135	GUT_GENOME052135_00255	135	2	1.86038	0	0	0
GUT_GENOME052135	GUT_GENOME052135_00256	363	65	14.1161	17.1189	17.153	2283794
GUT_GENOME052135	GUT_GENOME052135_00257	176	43	12.8646	13.9308	1.09798	523846
GUT_GENOME052135	GUT_GENOME052135_00258	210	46	12.3636	15.1523	2.30713	523846
GUT_GENOME052135	GUT_GENOME052135_00259	140	6	4.89516	0	0	0
GUT_GENOME052135	GUT_GENOME052135_00260	405	35	12.9472	8.63317	0	0
GUT_GENOME052135	GUT_GENOME052135_00261	716	46	14.5302	17.7986	0.652669	523846
GUT_GENOME052135	GUT_GENOME052135_00262	1090	46	12.8431	17.2463	0.582921	523846
GUT_GENOME052135	GUT_GENOME052135_00263	401	466	12.6325	14.6812	232.695	28890
GUT_GENOME052135	GUT_GENOME052135_00264	125	1	0.739496	0	0	0
GUT_GENOME052135	GUT_GENOME052135_00265	315	317	13.6236	16.4801	144.375	523846
GUT_GENOME052135	GUT_GENOME052135_00266	492	36	11.7692	11.0858	0	0
GUT_GENOME052135	GUT_GENOME052135_00267	227	10	6.84081	0	0	0
GUT_GENOME052135	GUT_GENOME052135_00268	281	56	10.8721	10.1766	9.98739	2283794
GUT_GENOME052135	GUT_GENOME052135_00269	268	6	3.95573	0	0	0
GUT_GENOME052135	GUT_GENOME052135_00270	431	37	13.5024	10.0284	0.515403	523846
GUT_GENOME052135	GUT_GENOME052135_00271	132	27	11.0473	7.74545	0	0
GUT_GENOME052135	GUT_GENOME052135_00272	153	1	0.990964	0	0	0
GUT_GENOME052135	GUT_GENOME052135_00273	102	0	0	0	0	0
GUT_GENOME052135	GUT_GENOME052135_00274	145	1	0.943894	0	0	0
GUT_GENOME052135	GUT_GENOME052135_00275	73	0	0	0	0	0
GUT_GENOME052135	GUT_GENOME052135_00276	454	1	0.971469	0	0	0
GUT_GENOME052135	GUT_GENOME052135_00277	436	153	14.9183	16.1968	56.3452	523846
GUT_GENOME052135	GUT_GENOME052135_00278	301	471	13.8223	13.0778	237.203	131567
GUT_GENOME052135	GUT_GENOME052135_00279	563	445	12.6235	15.0145	206.868	523846
GUT_GENOME052135	GUT_GENOME052135_00280	163	70	11.0426	11.459	21.282	28890
GUT_GENOME052135	GUT_GENOME052135_00281	175	35	13.4253	6.08621	3.54598	186807
GUT_GENOME052135	GUT_GENOME052135_00282	427	1	0.987981	0	0	0
GUT_GENOME052135	GUT_GENOME052135_00283	246	1	0.987879	0	0	0
GUT_GENOME052135	GUT_GENOME052135_00284	70	0	0	0	0	0
GUT_GENOME052135	GUT_GENOME052135_00285	261	2	1.66357	0	0	0
GUT_GENOME052135	GUT_GENOME052135_00286	243	147	12.7393	12.5534	52.0876	28890
GUT_GENOME052135	GUT_GENOME052135_00287	88	5	4.75843	0	0	0
GUT_GENOME052135	GUT_GENOME052135_00288	214	97	14.7169	15.3079	30.2921	523846
GUT_GENOME052135	GUT_GENOME052135_00289	236	360	14.3283	16.1913	159.248	523846
GUT_GENOME052135	GUT_GENOME052135_00290	593	44	13.9259	16.3161	0.614286	523846
GUT_GENOME052135	GUT_GENOME052135_00291	102	2	1.9064	0	0	0
GUT_GENOME052135	GUT_GENOME052135_00292	514	69	13.9095	17.1521	14.9692	523846
GUT_GENOME052135	GUT_GENOME052135_00293	603	467	15.1286	16.2852	260.95	523846
GUT_GENOME052135	GUT_GENOME052135_00294	892	472	13.1971	18.6482	237.361	523846
GUT_GENOME052135	GUT_GENOME052135_00295	403	93	12.1901	15.0078	22.9206	523846
GUT_GENOME052135	GUT_GENOME052135_00296	98	6	5.51295	0	0	0
GUT_GENOME052135	GUT_GENOME052135_00297	143	33	12.8132	12.4139	0.736264	523846
GUT_GENOME052135	GUT_GENOME052135_00298	75	0	0	0	0	0
GUT_GENOME052135	GUT_GENOME052135_00299	232	16	9.68537	0	0	0
GUT_GENOME052135	GUT_GENOME052135_00300	390	7	4.88275	0	0	0
GUT_GENOME052135	GUT_GENOME052135_00301	240	17	10.2527	0	0	0
GUT_GENOME052135	GUT_GENOME052135_00302	122	13	10.4979	0	0	0
GUT_GENOME052135	GUT_GENOME052135_00303	316	382	7.94729	0.627907	207.425	2
GUT_GENOME052135	GUT_GENOME052135_00304	385	46	13.2097	13.2739	2.50459	523846
GUT_GENOME052135	GUT_GENOME052135_00305	760	471	13.0325	16.4976	225.171	28890
GUT_GENOME052135	GUT_GENOME052135_00306	100	8	7.08586	0	0	0
GUT_GENOME052135	GUT_GENOME052135_00307	364	84	7.29345	7.15954	13.9601	28890
GUT_GENOME052135	GUT_GENOME052135_00308	636	218	15.8182	14.9013	101.294	523846
GUT_GENOME052135	GUT_GENOME052135_00309	337	72	14.3082	16.9773	12.2583	523846
GUT_GENOME052135	GUT_GENOME052135_00310	342	54	11.3418	14.6372	7.13643	2283794
GUT_GENOME052135	GUT_GENOME052135_00311	594	43	12.3594	13.3747	0.541206	523846
GUT_GENOME052135	GUT_GENOME052135_00312	279	18	8.84426	0.811475	0	0
GUT_GENOME052135	GUT_GENOME052135_00314	118	3	2.71239	0	0	0
GUT_GENOME052135	GUT_GENOME052135_00315	681	13	7.78512	0.480165	0	0
GUT_GENOME052135	GUT_GENOME052135_00316	89	0	0	0	0	0
GUT_GENOME052135	GUT_GENOME052135_00317	395	49	14.3521	12.1718	4.58282	523846
GUT_GENOME052135	GUT_GENOME052135_00318	199	4	2.84439	0	0	0
GUT_GENOME052135	GUT_GENOME052135_00319	256	35	12.1927	11.4949	0.576065	523846
GUT_GENOME052135	GUT_GENOME052135_00320	58	0	0	0	0	0
GUT_GENOME052135	GUT_GENOME052135_00321	265	38	15.1478	13.19	0.598848	523846
GUT_GENOME052135	GUT_GENOME052135_00322	59	0	0	0	0	0
GUT_GENOME052135	GUT_GENOME052135_00323	92	14	12.801	0	0	0
GUT_GENOME052135	GUT_GENOME052135_00324	62	0	0	0	0	0
GUT_GENOME052135	GUT_GENOME052135_00325	641	37	13.4268	10.0488	0	0
GUT_GENOME052135	GUT_GENOME052135_00326	791	7	5.34223	0	0	0
GUT_GENOME052135	GUT_GENOME052135_00327	837	13	9.11968	0	0	0
GUT_GENOME052135	GUT_GENOME052135_00328	63	0	0	0	0	0
GUT_GENOME052135	GUT_GENOME052135_00329	444	37	13.7866	11	0	0
GUT_GENOME052135	GUT_GENOME052135_00330	301	159	13.1493	16.2752	58.8859	2283794
GUT_GENOME052135	GUT_GENOME052135_00331	64	0	0	0	0	0
GUT_GENOME052135	GUT_GENOME052135_00332	460	11	8.32667	0	0	0
GUT_GENOME052135	GUT_GENOME052135_00333	511	7	5.49006	0	0	0
GUT_GENOME052135	GUT_GENOME052135_00334	313	0	0	0	0	0
GUT_GENOME052135	GUT_GENOME052135_00335	120	0	0	0	0	0
GUT_GENOME052135	GUT_GENOME052135_00336	132	0	0	0	0	0
GUT_GENOME052135	GUT_GENOME052135_00337	184	0	0	0	0	0
GUT_GENOME052135	GUT_GENOME052135_00338	77	0	0	0	0	0
GUT_GENOME052135	GUT_GENOME052135_00339	145	2	1.7695	0	0	0
GUT_GENOME052135	GUT_GENOME052135_00340	124	1	0	0.697674	0	0
GUT_GENOME052135	GUT_GENOME052135_00341	275	111	15.0466	12.2384	39.0782	2283794
GUT_GENOME052135	GUT_GENOME052135_00343	380	14	7.77252	0.480916	0	0
GUT_GENOME052135	GUT_GENOME052135_00344	307	431	12.3328	16.0174	217.512	131567
GUT_GENOME052135	GUT_GENOME052135_00345	290	40	12.4688	11.1158	0	0
GUT_GENOME052135	GUT_GENOME052135_00346	355	34	12.0807	7.92363	0.475504	523846
GUT_GENOME052135	GUT_GENOME052135_00347	153	2	1.92029	0	0	0
GUT_GENOME052135	GUT_GENOME052135_00348	535	115	13.7235	16.1544	27.5701	523846
GUT_GENOME052135	GUT_GENOME052135_00349	212	21	8.2619	3.10476	2.01905	28890
GUT_GENOME052135	GUT_GENOME052135_00350	231	9	6.17865	0	0	0
GUT_GENOME052135	GUT_GENOME052135_00351	261	9	6.53678	0	0	0
GUT_GENOME052135	GUT_GENOME052135_00352	159	13	8.46624	1.12219	0	0
GUT_GENOME052135	GUT_GENOME052135_00353	332	46	8.38661	5.77017	14.2785	28890
GUT_GENOME052135	GUT_GENOME052135_00354	337	46	8.27861	6.36747	16.9578	28890
GUT_GENOME052135	GUT_GENOME052135_00355	500	35	8.508	7.262	6.724	28890
GUT_GENOME052135	GUT_GENOME052135_00356	493	37	10.5959	11.5438	0.542773	523846
GUT_GENOME052135	GUT_GENOME052135_00357	301	41	11.7156	11.3864	0	0
GUT_GENOME052135	GUT_GENOME052135_00358	273	6	4.43363	0	0	0
GUT_GENOME052135	GUT_GENOME052135_00359	448	124	5.61029	0	53.1078	1798184
GUT_GENOME052135	GUT_GENOME052135_00360	208	452	9.45192	0	276.264	1239
GUT_GENOME052135	GUT_GENOME052135_00361	262	2	1.44008	0	0	0
GUT_GENOME052135	GUT_GENOME052135_00362	60	0	0	0	0	0
GUT_GENOME052135	GUT_GENOME052135_00363	442	65	12.9343	18.6706	12.2767	2283794
GUT_GENOME052135	GUT_GENOME052135_00364	489	31	10.0169	7.69483	0.4868	523846
GUT_GENOME052135	GUT_GENOME052135_00365	243	6	4.1609	0	0	0
GUT_GENOME052135	GUT_GENOME052135_00366	88	2	1.99419	0	0	0
GUT_GENOME052135	GUT_GENOME052135_00367	386	209	16.1208	17.9708	100.838	28890
GUT_GENOME052135	GUT_GENOME052135_00368	345	322	15.3594	18.7408	169.891	28890
GUT_GENOME052135	GUT_GENOME052135_00370	250	8	5.61181	0	0	0
GUT_GENOME052135	GUT_GENOME052135_00371	1097	45	14.2586	14.7382	2.51619	2182
GUT_GENOME052135	GUT_GENOME052135_00372	293	2	1.48479	0	0	0
GUT_GENOME052135	GUT_GENOME052135_00373	158	168	12.6771	7.70219	74.1724	131567
GUT_GENOME052135	GUT_GENOME052135_00374	527	41	15.0932	15.1319	0.642066	523846
GUT_GENOME052135	GUT_GENOME052135_00375	216	211	11.5588	13.5588	84.8824	131567
GUT_GENOME052135	GUT_GENOME052135_00376	189	80	9.06085	11.2857	28.6508	131567
GUT_GENOME052135	GUT_GENOME052135_00377	107	2	1.92488	0	0	0
GUT_GENOME052135	GUT_GENOME052135_00379	120	0	0	0	0	0
GUT_GENOME052135	GUT_GENOME052135_00380	193	35	13.5189	11.5243	1.1	523846
GUT_GENOME052135	GUT_GENOME052135_00381	210	47	8.11675	7.99239	7.17005	1783272
GUT_GENOME052135	GUT_GENOME052135_00382	232	36	12.173	12.2251	0	0
GUT_GENOME052135	GUT_GENOME052135_00383	62	0	0	0	0	0
GUT_GENOME052135	GUT_GENOME052135_00384	412	64	15.3534	16.2697	11.2118	523846
GUT_GENOME052135	GUT_GENOME052135_00385	160	38	13.7742	11.0742	0.545161	523846
GUT_GENOME052135	GUT_GENOME052135_00386	230	25	14.1173	3.73894	0	0
GUT_GENOME052135	GUT_GENOME052135_00387	91	0	0	0	0	0
GUT_GENOME052135	GUT_GENOME052135_00388	200	17	11.1042	0	0	0
GUT_GENOME052135	GUT_GENOME052135_00389	39	0	0	0	0	0
GUT_GENOME052135	GUT_GENOME052135_00390	52	0	0	0	0	0
GUT_GENOME052135	GUT_GENOME052135_00391	204	18	10.8259	1.79863	0	0
GUT_GENOME052135	GUT_GENOME052135_00392	343	21	11.9168	1.47737	0	0
GUT_GENOME052135	GUT_GENOME052135_00393	73	0	0	0	0	0
GUT_GENOME052135	GUT_GENOME052135_00394	472	63	16.3773	16.313	8.68266	2283794
GUT_GENOME052135	GUT_GENOME052135_00395	51	0	0	0	0	0
GUT_GENOME052135	GUT_GENOME052135_00396	102	4	3.68586	0	0	0
GUT_GENOME052135	GUT_GENOME052135_00397	169	13	9.02933	0	0	0
GUT_GENOME052135	GUT_GENOME052135_00398	99	2	1.92593	0	0	0
GUT_GENOME052135	GUT_GENOME052135_00399	84	0	0	0	0	0
GUT_GENOME052135	GUT_GENOME052135_00400	283	54	14.7556	13.2926	8.93519	2182
GUT_GENOME052135	GUT_GENOME052135_00401	71	0	0	0	0	0
GUT_GENOME052135	GUT_GENOME052135_00402	223	50	12.473	11.0343	8.96078	28890
GUT_GENOME052135	GUT_GENOME052135_00403	231	32	12.2056	9.18458	0	0
GUT_GENOME052135	GUT_GENOME052135_00404	197	37	11.701	9.96134	1.33763	196117
GUT_GENOME052135	GUT_GENOME052135_00405	86	0	0	0	0	0
GUT_GENOME052135	GUT_GENOME052135_00406	89	0	0	0	0	0
GUT_GENOME052135	GUT_GENOME052135_00407	83	0	0	0	0	0
GUT_GENOME052135	GUT_GENOME052135_00408	165	55	12.4708	13.6369	10.3569	28890
GUT_GENOME052135	GUT_GENOME052135_00409	125	2	1.9359	0	0	0
GUT_GENOME052135	GUT_GENOME052135_00410	309	43	11.3156	8.05482	6.31728	28890
GUT_GENOME052135	GUT_GENOME052135_00411	124	6	4.68526	0	0	0
GUT_GENOME052135	GUT_GENOME052135_00412	749	44	12.1057	13.4983	0.53394	523846
GUT_GENOME052135	GUT_GENOME052135_00413	194	24	10.7692	4.06631	0	0
GUT_GENOME052135	GUT_GENOME052135_00414	185	12	8.22924	0	0	0
GUT_GENOME052135	GUT_GENOME052135_00415	626	483	17.8968	19.071	274.396	131567
GUT_GENOME052135	GUT_GENOME052135_00416	382	90	11.8472	13.7722	20.9264	1239
GUT_GENOME052135	GUT_GENOME052135_00417	408	140	13.9391	17.7424	52.8807	523846
GUT_GENOME052135	GUT_GENOME052135_00418	92	4	3.57073	0	0	0
GUT_GENOME052135	GUT_GENOME052135_00419	261	2	1.91815	0	0	0
GUT_GENOME052135	GUT_GENOME052135_00420	514	9	6.01911	0	0	0
GUT_GENOME052135	GUT_GENOME052135_00421	195	43	11.5356	10.9902	3.67568	28890
GUT_GENOME052135	GUT_GENOME052135_00422	157	0	0	0	0	0
GUT_GENOME052135	GUT_GENOME052135_00423	162	0	0	0	0	0
GUT_GENOME052135	GUT_GENOME052135_00424	181	6	3.83668	0.733524	0	0
GUT_GENOME052135	GUT_GENOME052135_00425	310	6	3.67967	0.645528	0	0
GUT_GENOME052135	GUT_GENOME052135_00426	184	1	0.969565	0	0	0
GUT_GENOME052135	GUT_GENOME052135_00427	158	2	1.9932	0	0	0
GUT_GENOME052135	GUT_GENOME052135_00428	52	0	0	0	0	0
GUT_GENOME052135	GUT_GENOME052135_00429	435	1	0.990719	0	0	0
GUT_GENOME052135	GUT_GENOME052135_00430	163	1	0.987915	0	0	0
GUT_GENOME052135	GUT_GENOME052135_00431	82	0	0	0	0	0
GUT_GENOME052135	GUT_GENOME052135_00432	299	2	1.80515	0	0	0
GUT_GENOME052135	GUT_GENOME052135_00433	173	2	1.84305	0	0	0
GUT_GENOME052135	GUT_GENOME052135_00434	514	44	13.5161	15.2111	0.587488	523846
GUT_GENOME052135	GUT_GENOME052135_00435	257	87	10.294	8.54869	29.3839	131567
GUT_GENOME052135	GUT_GENOME052135_00436	233	41	12.6952	10.511	3.24342	523846
GUT_GENOME052135	GUT_GENOME052135_00437	227	56	12.6059	11.5308	8.44875	523846
GUT_GENOME052135	GUT_GENOME052135_00438	115	3	2.81667	0	0	0
GUT_GENOME052135	GUT_GENOME052135_00439	312	16	1.9227	8.13487	0	0
GUT_GENOME052135	GUT_GENOME052135_00440	384	2	1.87914	0	0	0
GUT_GENOME052135	GUT_GENOME052135_00441	230	13	8.40757	0	0	0
GUT_GENOME052135	GUT_GENOME052135_00442	392	33	12.0108	7.52561	0	0
GUT_GENOME052135	GUT_GENOME052135_00443	70	0	0	0	0	0
GUT_GENOME052135	GUT_GENOME052135_00444	443	19	12.1647	0.534914	0	0
GUT_GENOME052135	GUT_GENOME052135_00445	313	11	6.36528	0.517179	0.544304	118967
GUT_GENOME052135	GUT_GENOME052135_00446	288	39	12.1548	12.1139	0.513605	523846
GUT_GENOME052135	GUT_GENOME052135_00447	101	9	8.22335	0	0	0
GUT_GENOME052135	GUT_GENOME052135_00448	368	351	12.8656	14.1372	156.163	131567
GUT_GENOME052135	GUT_GENOME052135_00449	264	12	8.148	0	0	0
GUT_GENOME052135	GUT_GENOME052135_00450	127	6	5.02353	0	0	0
GUT_GENOME052135	GUT_GENOME052135_00451	88	2	1.9162	0	0	0
GUT_GENOME052135	GUT_GENOME052135_00452	144	2	1.91892	0	0	0
GUT_GENOME052135	GUT_GENOME052135_00453	352	34	7.02339	12.0789	0.852339	523846
GUT_GENOME052135	GUT_GENOME052135_00454	405	31	7.6032	10.4913	0.525965	523846
GUT_GENOME052135	GUT_GENOME052135_00455	411	3	2.31851	0	0	0
GUT_GENOME052135	GUT_GENOME052135_00456	84	1	0.971098	0	0	0
GUT_GENOME052135	GUT_GENOME052135_00457	332	36	12.1331	12.7468	0	0
GUT_GENOME052135	GUT_GENOME052135_00458	375	46	14.7212	17.4946	1.96649	2182
GUT_GENOME052135	GUT_GENOME052135_00459	148	55	16.4314	16.3144	12.1672	2182
GUT_GENOME052135	GUT_GENOME052135_00460	161	31	11.2835	9.96646	0	0
GUT_GENOME052135	GUT_GENOME052135_00461	471	22	6.10288	4.40329	0	0
GUT_GENOME052135	GUT_GENOME052135_00462	82	0	0	0	0	0
GUT_GENOME052135	GUT_GENOME052135_00463	157	37	11.5116	12.6898	0	0
GUT_GENOME052135	GUT_GENOME052135_00464	92	2	1.95882	0	0	0
GUT_GENOME052135	GUT_GENOME052135_00465	111	3	2.80788	0	0	0
GUT_GENOME052135	GUT_GENOME052135_00466	89	0	0	0	0	0
GUT_GENOME052135	GUT_GENOME052135_00467	342	17	11.0073	0	0	0
GUT_GENOME052135	GUT_GENOME052135_00468	66	0	0	0	0	0
GUT_GENOME052135	GUT_GENOME052135_00469	252	3	2.53693	0	0	0
GUT_GENOME052135	GUT_GENOME052135_00470	75	0	0	0	0	0
GUT_GENOME052135	GUT_GENOME052135_00471	212	16	9.88916	0	0	0
GUT_GENOME052135	GUT_GENOME052135_00472	399	38	10.8737	11.2938	0	0
GUT_GENOME052135	GUT_GENOME052135_00473	217	22	11.2943	1.91866	0	0
GUT_GENOME052135	GUT_GENOME052135_00474	336	7	4.69486	0	0	0
GUT_GENOME052135	GUT_GENOME052135_00475	532	111	6.46087	1.05217	51.1575	131567
GUT_GENOME052135	GUT_GENOME052135_00476	581	133	6.37409	0.523723	60.0931	131567
GUT_GENOME052135	GUT_GENOME052135_00477	193	8	4.96591	1.1108	0	0
GUT_GENOME052135	GUT_GENOME052135_00478	239	7	4.80275	0.493119	0	0
GUT_GENOME052135	GUT_GENOME052135_00479	481	59	6.17992	1.12343	24.4163	2
GUT_GENOME052135	GUT_GENOME052135_00480	36	0	0	0	0	0
GUT_GENOME052135	GUT_GENOME052135_00481	143	2	1.90775	0	0	0
GUT_GENOME052135	GUT_GENOME052135_00482	454	92	12.8776	14.4138	25.7483	523846
GUT_GENOME052135	GUT_GENOME052135_00483	198	50	11.8631	10.8411	7.76528	131567
GUT_GENOME052135	GUT_GENOME052135_00484	332	56	14.059	15.7398	7.07867	523846
GUT_GENOME052135	GUT_GENOME052135_00485	324	2	1.51382	0	0	0
GUT_GENOME052135	GUT_GENOME052135_00486	147	3	2.38384	0	0	0
GUT_GENOME052135	GUT_GENOME052135_00487	58	0	0	0	0	0
GUT_GENOME052135	GUT_GENOME052135_00488	396	223	15.0231	16.5707	93.2198	523846
GUT_GENOME052135	GUT_GENOME052135_00489	374	51	12.943	11.7785	8.7122	28890
GUT_GENOME052135	GUT_GENOME052135_00490	347	37	11.9353	8.96043	0	0
GUT_GENOME052135	GUT_GENOME052135_00491	456	9	5.39107	0.373478	0	0
GUT_GENOME052135	GUT_GENOME052135_00492	348	7	5.62372	0	0	0
GUT_GENOME052135	GUT_GENOME052135_00493	296	45	13.1321	14.1304	1.5786	523846
GUT_GENOME052135	GUT_GENOME052135_00494	319	19	11.6766	0	0.415625	523846
GUT_GENOME052135	GUT_GENOME052135_00495	233	2	1.79521	0	0	0
GUT_GENOME052135	GUT_GENOME052135_00496	181	428	9.65416	0	274.161	2
GUT_GENOME052135	GUT_GENOME052135_00497	232	9	7.76101	0	0	0
GUT_GENOME052135	GUT_GENOME052135_00498	85	0	0	0	0	0
GUT_GENOME052135	GUT_GENOME052135_00499	60	0	0	0	0	0
GUT_GENOME052135	GUT_GENOME052135_00501	172	2	1.41445	0	0	0
GUT_GENOME052135	GUT_GENOME052135_00502	405	42	12.4803	17.6724	0.663793	523846
GUT_GENOME052135	GUT_GENOME052135_00503	157	34	12.4367	11.5843	0.641566	523846
GUT_GENOME052135	GUT_GENOME052135_00504	276	41	12.3939	12.1569	1.37077	523846
GUT_GENOME052135	GUT_GENOME052135_00505	285	108	12.4014	11.6684	37.0279	523846
GUT_GENOME052135	GUT_GENOME052135_00506	306	26	11.7318	5.27815	0	0
GUT_GENOME052135	GUT_GENOME052135_00507	133	5	4.2287	0	0	0
GUT_GENOME052135	GUT_GENOME052135_00508	174	2	1.86538	0	0	0
GUT_GENOME052135	GUT_GENOME052135_00510	256	4	3.0748	0	0	0
GUT_GENOME052135	GUT_GENOME052135_00511	564	78	14.5877	17.4773	17.2208	2283794
GUT_GENOME052135	GUT_GENOME052135_00512	194	368	15.5146	11.0239	164.416	523846
GUT_GENOME052135	GUT_GENOME052135_00513	728	1	0.772195	0	0	0
GUT_GENOME052135	GUT_GENOME052135_00514	203	227	11.557	2.35013	110.554	131567
GUT_GENOME052135	GUT_GENOME052135_00515	311	2	1.95826	0	0	0
GUT_GENOME052135	GUT_GENOME052135_00516	246	23	11.8822	4.06638	0	0
GUT_GENOME052135	GUT_GENOME052135_00517	252	303	11.3972	4.33333	139.206	131567
GUT_GENOME052135	GUT_GENOME052135_00518	246	39	11.5441	10.6218	0.529412	523846
GUT_GENOME052135	GUT_GENOME052135_00519	224	24	12.9838	3.12761	0	0
GUT_GENOME052135	GUT_GENOME052135_00520	469	226	13.3471	13.2466	99.2328	28890
GUT_GENOME052135	GUT_GENOME052135_00521	109	0	0	0	0	0
GUT_GENOME052135	GUT_GENOME052135_00522	293	33	9.43915	10.5608	0.500882	523846
GUT_GENOME052135	GUT_GENOME052135_00523	269	49	8.55336	14.1601	5.58893	523846
GUT_GENOME052135	GUT_GENOME052135_00524	291	162	7.79444	14.1481	62.3111	131567
GUT_GENOME052135	GUT_GENOME052135_00525	282	34	9.5126	13.8004	1.68487	523846
GUT_GENOME052135	GUT_GENOME052135_00526	249	447	8.35366	14.935	282.882	131567
GUT_GENOME052135	GUT_GENOME052135_00527	230	3	2.57143	0	0	0
GUT_GENOME052135	GUT_GENOME052135_00528	276	81	14.4121	16.5696	19.5073	523846
GUT_GENOME052135	GUT_GENOME052135_00529	161	20	14.4116	0.562701	0	0
GUT_GENOME052135	GUT_GENOME052135_00530	173	21	8.72174	4.13913	0	0
GUT_GENOME052135	GUT_GENOME052135_00531	164	17	10.379	0.550955	0.570064	523846
GUT_GENOME052135	GUT_GENOME052135_00532	304	46	13.1821	15.8699	0.528455	523846
GUT_GENOME052135	GUT_GENOME052135_00533	94	2	1.95556	0	0	0
GUT_GENOME052135	GUT_GENOME052135_00534	167	34	12.0969	10.3313	0.553125	523846
GUT_GENOME052135	GUT_GENOME052135_00535	91	1	1	0	0	0
GUT_GENOME052135	GUT_GENOME052135_00536	433	17	11.1729	0	0	0
GUT_GENOME052135	GUT_GENOME052135_00537	222	7	4.82151	0	0	0
GUT_GENOME052135	GUT_GENOME052135_00538	219	23	11.3808	3.14031	0	0
GUT_GENOME052135	GUT_GENOME052135_00539	115	2	1.91795	0	0	0
GUT_GENOME052135	GUT_GENOME052135_00540	240	19	10.4195	1.42373	0	0
GUT_GENOME052135	GUT_GENOME052135_00541	152	159	15.0365	15.3123	72.8704	523846
GUT_GENOME052135	GUT_GENOME052135_00542	278	137	12.8148	16.1778	47.0981	2283794
GUT_GENOME052135	GUT_GENOME052135_00543	232	11	7.24634	0	0	0
GUT_GENOME052135	GUT_GENOME052135_00544	96	2	1.95833	0	0	0
GUT_GENOME052135	GUT_GENOME052135_00545	221	448	14.4258	14.9545	232.364	131567
GUT_GENOME052135	GUT_GENOME052135_00546	426	121	2.58765	2.69259	59.8173	1239
GUT_GENOME052135	GUT_GENOME052135_00547	687	3	1.53177	0	0	0
GUT_GENOME052135	GUT_GENOME052135_00548	345	10	3.79823	2.82916	0	0
GUT_GENOME052135	GUT_GENOME052135_00549	856	4	3.29107	0	0	0
GUT_GENOME052135	GUT_GENOME052135_00550	512	4	3.27902	0	0	0
GUT_GENOME052135	GUT_GENOME052135_00551	399	3	2.07538	0	0	0
GUT_GENOME052135	GUT_GENOME052135_00552	532	2	1.69661	0	0	0
GUT_GENOME052135	GUT_GENOME052135_00553	561	1	1	0	0	0
GUT_GENOME052135	GUT_GENOME052135_00554	345	1	0.989583	0	0	0
GUT_GENOME052135	GUT_GENOME052135_00555	306	7	5.44833	0	0	0
GUT_GENOME052135	GUT_GENOME052135_00556	111	0	0	0	0	0
GUT_GENOME052135	GUT_GENOME052135_00557	161	17	10.93	1.13333	0	0
GUT_GENOME052135	GUT_GENOME052135_00558	485	0	0	0	0	0
GUT_GENOME052135	GUT_GENOME052135_00559	475	7	4.94239	0	0	0
GUT_GENOME052135	GUT_GENOME052135_00560	36	0	0	0	0	0
GUT_GENOME052135	GUT_GENOME052135_00561	242	5	3.81612	0	0	0
GUT_GENOME052135	GUT_GENOME052135_00562	248	16	8.62183	0.976608	0	0
GUT_GENOME052135	GUT_GENOME052135_00563	420	2	1.85963	0	0	0
GUT_GENOME052135	GUT_GENOME052135_00564	418	52	14.4416	13.7652	5.17518	523846
GUT_GENOME052135	GUT_GENOME052135_00565	339	17	10.4084	0.508039	0	0
GUT_GENOME052135	GUT_GENOME052135_00566	142	3	2.36531	0	0	0
GUT_GENOME052135	GUT_GENOME052135_00567	252	0	0	0	0	0
GUT_GENOME052135	GUT_GENOME052135_00568	39	0	0	0	0	0
GUT_GENOME052135	GUT_GENOME052135_00569	80	0	0	0	0	0
GUT_GENOME052135	GUT_GENOME052135_00570	238	0	0	0	0	0
GUT_GENOME052135	GUT_GENOME052135_00571	132	0	0	0	0	0
GUT_GENOME052135	GUT_GENOME052135_00572	335	41	12.9588	14.3405	0.564885	523846
GUT_GENOME052135	GUT_GENOME052135_00573	185	2	1.8318	0	0	0
GUT_GENOME052135	GUT_GENOME052135_00574	335	41	13.3584	14.509	0.570783	523846
GUT_GENOME052135	GUT_GENOME052135_00575	225	44	15.3249	16.3524	1.17162	523846
GUT_GENOME052135	GUT_GENOME052135_00576	122	1	0.951754	0	0	0
GUT_GENOME052135	GUT_GENOME052135_00577	138	1	0.860902	0	0	0
GUT_GENOME052135	GUT_GENOME052135_00578	461	24	10.0383	4.21916	0	0
GUT_GENOME052135	GUT_GENOME052135_00579	162	3	2.91374	0	0	0
GUT_GENOME052135	GUT_GENOME052135_00580	376	12	5.70547	1.58205	0	0
GUT_GENOME052135	GUT_GENOME052135_00581	96	2	1.94737	0	0	0
GUT_GENOME052135	GUT_GENOME052135_00582	559	41	12.3808	11.7607	0.521461	523846
GUT_GENOME052135	GUT_GENOME052135_00583	452	429	14.5142	14.9289	193.277	523846
GUT_GENOME052135	GUT_GENOME052135_00584	251	22	12.7454	2.35113	0	0
GUT_GENOME052135	GUT_GENOME052135_00585	388	18	11.2035	0.508794	0	0
GUT_GENOME052135	GUT_GENOME052135_00586	121	7	5.75758	0	0	0
GUT_GENOME052135	GUT_GENOME052135_00587	147	45	15.8687	17.9057	0.683502	523846
GUT_GENOME052135	GUT_GENOME052135_00588	255	11	6.38012	0.920078	0	0
GUT_GENOME052135	GUT_GENOME052135_00589	141	8	6.11034	0	0	0
GUT_GENOME052135	GUT_GENOME052135_00590	367	16	10.9741	0	0	0
GUT_GENOME052135	GUT_GENOME052135_00591	360	40	13.3199	9.76398	0.470497	523846
GUT_GENOME052135	GUT_GENOME052135_00592	196	53	14.1273	10.1592	8.15385	523846
GUT_GENOME052135	GUT_GENOME052135_00593	249	15	6.7631	2.413	0	0
GUT_GENOME052135	GUT_GENOME052135_00594	215	117	8.99286	5.80952	46.2595	131567
GUT_GENOME052135	GUT_GENOME052135_00595	192	22	12.2391	3.29563	0	0
GUT_GENOME052135	GUT_GENOME052135_00596	168	3	2.26163	0	0	0
GUT_GENOME052135	GUT_GENOME052135_00597	99	3	2.81481	0	0	0
GUT_GENOME052135	GUT_GENOME052135_00598	262	38	12.5549	4.98603	6.04591	224756
GUT_GENOME052135	GUT_GENOME052135_00599	349	467	1.96835	0.682014	277.151	131567
GUT_GENOME052135	GUT_GENOME052135_00600	465	2	1.91205	0	0	0
GUT_GENOME052135	GUT_GENOME052135_00601	276	13	1.94528	0.562264	5.09057	131567
GUT_GENOME052135	GUT_GENOME052135_00602	364	432	1.90323	0.673387	214.737	2
GUT_GENOME052135	GUT_GENOME052135_00603	235	449	0.995772	0.744186	267.345	2
GUT_GENOME052135	GUT_GENOME052135_00604	92	0	0	0	0	0
GUT_GENOME052135	GUT_GENOME052135_00605	309	467	0	0	322.568	2
GUT_GENOME052135	GUT_GENOME052135_00606	176	18	0	0	9.87955	1476195
GUT_GENOME052135	GUT_GENOME052135_00607	1045	357	0	0	207.21	131567
GUT_GENOME052135	GUT_GENOME052135_00608	76	0	0	0	0	0
GUT_GENOME052135	GUT_GENOME052135_00609	30	0	0	0	0	0
GUT_GENOME052135	GUT_GENOME052135_00610	138	118	12.952	13.7638	53.9225	28890
GUT_GENOME052135	GUT_GENOME052135_00611	312	42	13.7888	12.4208	2.816	523846
GUT_GENOME052135	GUT_GENOME052135_00612	550	27	10.0944	4.31328	0	0
GUT_GENOME052135	GUT_GENOME052135_00613	379	4	2.51762	0	0	0
GUT_GENOME052135	GUT_GENOME052135_00614	334	464	14.1684	8.19884	315.936	1239
GUT_GENOME052135	GUT_GENOME052135_00615	61	0	0	0	0	0
GUT_GENOME052135	GUT_GENOME052135_00616	167	441	13.781	9.67147	282.248	1239
GUT_GENOME052135	GUT_GENOME052135_00617	793	9	5.70032	0	0	0
GUT_GENOME052135	GUT_GENOME052135_00618	311	451	16.6463	16.6347	230.312	523846
GUT_GENOME052135	GUT_GENOME052135_00619	301	9	6.5245	0	0	0
GUT_GENOME052135	GUT_GENOME052135_00620	304	46	12.5667	15.0408	2.86342	523846
GUT_GENOME052135	GUT_GENOME052135_00621	220	70	5.01996	1.34146	29.4545	186802
GUT_GENOME052135	GUT_GENOME052135_00622	371	46	13.7553	13.2925	3.02813	523846
GUT_GENOME052135	GUT_GENOME052135_00623	180	54	14.0406	12.5942	9.70145	2283794
GUT_GENOME052135	GUT_GENOME052135_00624	290	332	13.6718	14.8826	139.261	523846
GUT_GENOME052135	GUT_GENOME052135_00625	200	41	12.3062	10.6272	1.50617	523846
GUT_GENOME052135	GUT_GENOME052135_00626	109	2	1.73148	0	0	0
GUT_GENOME052135	GUT_GENOME052135_00627	198	7	5.31771	0	0	0
GUT_GENOME052135	GUT_GENOME052135_00628	50	0	0	0	0	0
GUT_GENOME052135	GUT_GENOME052135_00629	231	96	12.5601	13.8245	27.7692	523846
GUT_GENOME052135	GUT_GENOME052135_00630	462	458	13.6122	13.6939	295.423	28890
GUT_GENOME052135	GUT_GENOME052135_00631	584	441	12.9467	20.1904	253.689	131567
GUT_GENOME052135	GUT_GENOME052135_00632	947	9	4.76945	1.03525	0	0
GUT_GENOME052135	GUT_GENOME052135_00633	161	2	1.91459	0	0	0
GUT_GENOME052135	GUT_GENOME052135_00634	339	192	13.872	13.032	88.4817	523846
GUT_GENOME052135	GUT_GENOME052135_00635	134	6	4.70342	0	0	0
GUT_GENOME052135	GUT_GENOME052135_00636	164	6	4.84122	0	0	0
GUT_GENOME052135	GUT_GENOME052135_00637	358	36	11.9681	10.5042	0.551389	523846
GUT_GENOME052135	GUT_GENOME052135_00638	200	23	12.0628	5.63661	0	0
GUT_GENOME052135	GUT_GENOME052135_00639	417	27	11.1047	4.86711	0	0
GUT_GENOME052135	GUT_GENOME052135_00640	286	4	2.87279	0	0	0
GUT_GENOME052135	GUT_GENOME052135_00641	313	8	5.61041	0	0	0
GUT_GENOME052135	GUT_GENOME052135_00642	121	3	2.91928	0	0	0
GUT_GENOME052135	GUT_GENOME052135_00643	239	35	12.1023	8.23173	0.492693	523846
GUT_GENOME052135	GUT_GENOME052135_00644	372	43	12.248	16.9155	0	0
GUT_GENOME052135	GUT_GENOME052135_00645	98	2	1.94581	0	0	0
GUT_GENOME052135	GUT_GENOME052135_00646	59	0	0	0	0	0
GUT_GENOME052135	GUT_GENOME052135_00647	140	7	5.28159	0	0	0
GUT_GENOME052135	GUT_GENOME052135_00648	106	2	1.98352	0	0	0
GUT_GENOME052135	GUT_GENOME052135_00649	482	416	14.2659	16.7831	201.361	28890
GUT_GENOME052135	GUT_GENOME052135_00650	90	0	0	0	0	0
GUT_GENOME052135	GUT_GENOME052135_00651	267	24	11.6094	4.14844	0	0
GUT_GENOME052135	GUT_GENOME052135_00652	473	30	11.6288	5.59201	0.475289	523846
GUT_GENOME052135	GUT_GENOME052135_00653	89	1	1	0	0	0
GUT_GENOME052135	GUT_GENOME052135_00654	364	346	5.21571	0	171.818	1239
GUT_GENOME052135	GUT_GENOME052135_00655	367	6	5.08122	0	0	0
GUT_GENOME052135	GUT_GENOME052135_00656	95	2	1.97423	0	0	0
GUT_GENOME052135	GUT_GENOME052135_00657	331	427	0	0.493066	225.361	131567
GUT_GENOME052135	GUT_GENOME052135_00658	31	0	0	0	0	0
GUT_GENOME052135	GUT_GENOME052135_00659	158	0	0	0	0	0
GUT_GENOME052135	GUT_GENOME052135_00660	274	22	11.9818	2.90693	0	0
GUT_GENOME052135	GUT_GENOME052135_00661	130	276	11.45	8.87308	170.969	28890
GUT_GENOME052135	GUT_GENOME052135_00662	178	76	12.5603	10.9454	22.1207	28890
GUT_GENOME052135	GUT_GENOME052135_00663	147	36	15.1404	12.386	0.624561	523846
GUT_GENOME052135	GUT_GENOME052135_00665	216	94	3.90887	3.07194	37.7602	1239
GUT_GENOME052135	GUT_GENOME052135_00666	306	17	10.2374	0.552189	0	0
GUT_GENOME052135	GUT_GENOME052135_00667	306	39	11.4791	10.1913	0.485531	523846
GUT_GENOME052135	GUT_GENOME052135_00668	364	365	11.7587	14.1046	156.715	523846
GUT_GENOME052135	GUT_GENOME052135_00669	236	57	6.4177	7.54115	16.037	131567
GUT_GENOME052135	GUT_GENOME052135_00670	333	458	13.3132	13.8806	218.865	131567
GUT_GENOME052135	GUT_GENOME052135_00671	291	22	10.6171	2.8	0	0
GUT_GENOME052135	GUT_GENOME052135_00672	129	35	13.2948	14.992	0.733068	523846
GUT_GENOME052135	GUT_GENOME052135_00673	153	18	12.9965	0	0	0
GUT_GENOME052135	GUT_GENOME052135_00674	425	12	8.73058	0	0	0
GUT_GENOME052135	GUT_GENOME052135_00675	141	37	12.1929	13.3071	0.617857	523846
GUT_GENOME052135	GUT_GENOME052135_00676	471	8	5.63636	0	0	0
GUT_GENOME052135	GUT_GENOME052135_00677	345	85	9.06223	0	36.2836	186802
GUT_GENOME052135	GUT_GENOME052135_00678	224	352	8.93839	0	188.621	186802
GUT_GENOME052135	GUT_GENOME052135_00679	267	130	7.67913	0	56.1791	1239
GUT_GENOME052135	GUT_GENOME052135_00680	404	15	8.45376	1.07028	0	0
GUT_GENOME052135	GUT_GENOME052135_00681	69	0	0	0	0	0
GUT_GENOME052135	GUT_GENOME052135_00682	75	0	0	0	0	0
GUT_GENOME052135	GUT_GENOME052135_00683	1350	2	1.74274	0	0	0
GUT_GENOME052135	GUT_GENOME052135_00684	209	0	0	0	0	0
GUT_GENOME052135	GUT_GENOME052135_00685	171	18	2.14244	9.0814	0	0
GUT_GENOME052135	GUT_GENOME052135_00686	1121	2	0.972011	0.486717	0	0
GUT_GENOME052135	GUT_GENOME052135_00687	329	40	13.0497	14.7771	0.658133	523846
GUT_GENOME052135	GUT_GENOME052135_00688	110	2	1.89498	0	0	0
GUT_GENOME052135	GUT_GENOME052135_00689	450	61	15.6798	15.6629	13.0203	523846
GUT_GENOME052135	GUT_GENOME052135_00690	266	36	13.3456	10.0985	1.11776	523846
GUT_GENOME052135	GUT_GENOME052135_00691	96	2	1.99444	0	0	0
GUT_GENOME052135	GUT_GENOME052135_00692	189	7	4.8587	0	0	0
GUT_GENOME052135	GUT_GENOME052135_00693	192	62	12.1658	14.4565	10.2799	2157
GUT_GENOME052135	GUT_GENOME052135_00694	554	0	0	0	0	0
GUT_GENOME052135	GUT_GENOME052135_00695	34	0	0	0	0	0
GUT_GENOME052135	GUT_GENOME052135_00696	406	36	9.83739	7.52625	3.79641	28890
GUT_GENOME052135	GUT_GENOME052135_00697	89	1	0.981928	0	0	0
GUT_GENOME052135	GUT_GENOME052135_00698	302	38	12.9895	11.8439	0	0
GUT_GENOME052135	GUT_GENOME052135_00699	94	1	0.945355	0	0	0
GUT_GENOME052135	GUT_GENOME052135_00700	125	33	12.6494	13	0	0
GUT_GENOME052135	GUT_GENOME052135_00701	503	1	0.530997	0	0	0
GUT_GENOME052135	GUT_GENOME052135_00702	621	79	14.0921	13.8693	18.1482	523846
GUT_GENOME052135	GUT_GENOME052135_00703	436	121	13.8641	16.4437	36.8873	523846
GUT_GENOME052135	GUT_GENOME052135_00704	45	0	0	0	0	0
GUT_GENOME052135	GUT_GENOME052135_00705	259	33	10.835	10.233	0.570874	523846
GUT_GENOME052135	GUT_GENOME052135_00706	305	42	12.67	14.7739	0.528053	523846
GUT_GENOME052135	GUT_GENOME052135_00707	67	0	0	0	0	0
GUT_GENOME052135	GUT_GENOME052135_00708	288	17	11.2124	0.532743	0	0
GUT_GENOME052135	GUT_GENOME052135_00709	153	2	1.88215	0	0	0
GUT_GENOME052135	GUT_GENOME052135_00710	203	5	3.5283	0	0	0
GUT_GENOME052135	GUT_GENOME052135_00711	244	7	5.01532	0	0	0
GUT_GENOME052135	GUT_GENOME052135_00712	87	1	1	0	0	0
GUT_GENOME052135	GUT_GENOME052135_00713	186	8	5.67363	0	0	0
GUT_GENOME052135	GUT_GENOME052135_00714	226	39	11.1701	10.7931	1.0046	2191
GUT_GENOME052135	GUT_GENOME052135_00715	182	6	4.46373	0	0	0
GUT_GENOME052135	GUT_GENOME052135_00716	996	2	1.61474	0	0	0
GUT_GENOME052135	GUT_GENOME052135_00717	498	51	13.61	15.6346	4.05403	523846
GUT_GENOME052135	GUT_GENOME052135_00718	329	28	11.2447	3.89124	1.10725	225464
GUT_GENOME052135	GUT_GENOME052135_00719	161	443	13.3785	16.8769	215.975	131567
GUT_GENOME052135	GUT_GENOME052135_00720	208	16	10.7132	0	0	0
GUT_GENOME052135	GUT_GENOME052135_00721	268	33	12.4752	7.87523	0.546789	523846
GUT_GENOME052135	GUT_GENOME052135_00722	303	57	12.8393	16.6684	7.27242	2283794
GUT_GENOME052135	GUT_GENOME052135_00723	185	4	3.125	0	0	0
GUT_GENOME052135	GUT_GENOME052135_00724	387	17	9.85307	1.0699	0	0
GUT_GENOME052135	GUT_GENOME052135_00725	213	153	13.0827	13.0925	55.9635	28890
GUT_GENOME052135	GUT_GENOME052135_00726	102	2	1.91237	0	0	0
GUT_GENOME052135	GUT_GENOME052135_00727	247	121	1.94779	0	57.7068	91061
GUT_GENOME052135	GUT_GENOME052135_00728	296	4	2.97368	0	0	0
GUT_GENOME052135	GUT_GENOME052135_00729	228	2	1.96281	0	0	0
GUT_GENOME052135	GUT_GENOME052135_00730	82	0	0	0	0	0
GUT_GENOME052135	GUT_GENOME052135_00731	209	2	1.60671	0	0	0
GUT_GENOME052135	GUT_GENOME052135_00732	48	0	0	0	0	0
GUT_GENOME052135	GUT_GENOME052135_00733	298	0	0	0	0	0
GUT_GENOME052135	GUT_GENOME052135_00734	127	2	1.95726	0	0	0
GUT_GENOME052135	GUT_GENOME052135_00735	244	174	13.0431	9.96767	69.375	2157
GUT_GENOME052135	GUT_GENOME052135_00736	180	16	10.7357	0	0	0
GUT_GENOME052135	GUT_GENOME052135_00737	226	78	13.5798	13.3146	19.3978	28890
GUT_GENOME052135	GUT_GENOME052135_00738	268	7	5.03386	0	0	0
GUT_GENOME052135	GUT_GENOME052135_00739	249	2	1.92	0	0	0
GUT_GENOME052135	GUT_GENOME052135_00740	142	2	1.85401	0	0	0
GUT_GENOME052135	GUT_GENOME052135_00741	105	2	1.94059	0	0	0
GUT_GENOME052135	GUT_GENOME052135_00742	289	42	11.5615	14.4225	0.550802	523846
GUT_GENOME052135	GUT_GENOME052135_00743	318	44	12.5609	18.391	1.72756	523846
GUT_GENOME052135	GUT_GENOME052135_00744	201	39	12.4322	13.8619	0.529412	523846
GUT_GENOME052135	GUT_GENOME052135_00745	755	3	2.23781	0	0	0
GUT_GENOME052135	GUT_GENOME052135_00746	220	15	10.2915	0	0	0
GUT_GENOME052135	GUT_GENOME052135_00747	659	52	13.7571	14.1699	4.05765	523846
GUT_GENOME052135	GUT_GENOME052135_00748	352	2	1.89019	0	0	0
GUT_GENOME052135	GUT_GENOME052135_00749	60	0	0	0	0	0
GUT_GENOME052135	GUT_GENOME052135_00750	57	0	0	0	0	0
GUT_GENOME052135	GUT_GENOME052135_00751	248	14	8.94567	0	0	0
GUT_GENOME052135	GUT_GENOME052135_00752	169	307	3.92308	0.555556	158.416	131567
GUT_GENOME052135	GUT_GENOME052135_00753	377	13	5.57622	2.84756	0	0
GUT_GENOME052135	GUT_GENOME052135_00754	717	41	13.7085	12.664	0.548576	523846
GUT_GENOME052135	GUT_GENOME052135_00755	551	0	0	0	0	0
GUT_GENOME052135	GUT_GENOME052135_00756	666	0	0	0	0	0
GUT_GENOME052135	GUT_GENOME052135_00757	350	10	0	0	2.95409	2763667
GUT_GENOME052135	GUT_GENOME052135_00758	45	0	0	0	0	0
GUT_GENOME052135	GUT_GENOME052135_00759	278	33	13.2927	8.31533	0	0
GUT_GENOME052135	GUT_GENOME052135_00760	338	437	15.7671	16.4003	214.624	523846
GUT_GENOME052135	GUT_GENOME052135_00761	70	0	0	0	0	0
GUT_GENOME052135	GUT_GENOME052135_00762	608	25	6.15919	0.486368	6.91909	186802
GUT_GENOME052135	GUT_GENOME052135_00763	86	2	1.95954	0	0	0
GUT_GENOME052135	GUT_GENOME052135_00764	492	1	0.981857	0	0	0
GUT_GENOME052135	GUT_GENOME052135_00765	192	25	12.2884	4.33862	0	0
GUT_GENOME052135	GUT_GENOME052135_00766	183	3	2.43869	0	0	0
GUT_GENOME052135	GUT_GENOME052135_00767	334	14	4.02923	5.48769	0	0
GUT_GENOME052135	GUT_GENOME052135_00768	305	15	4.51754	4.93333	0	0
GUT_GENOME052135	GUT_GENOME052135_00769	89	1	1	0	0	0
GUT_GENOME052135	GUT_GENOME052135_00770	144	7	5.30537	0	0	0
GUT_GENOME052135	GUT_GENOME052135_00771	358	3	2.44118	0	0	0
GUT_GENOME052135	GUT_GENOME052135_00772	427	45	13.1394	17.1256	2.04147	523846
GUT_GENOME052135	GUT_GENOME052135_00773	286	37	14.1014	10.1082	0.52921	523846
GUT_GENOME052135	GUT_GENOME052135_00774	193	43	13.2966	11.0525	1.4252	2283794
GUT_GENOME052135	GUT_GENOME052135_00775	1502	6	3.71835	0	0	0
GUT_GENOME052135	GUT_GENOME052135_00776	370	224	11.426	15.166	100.219	131567
GUT_GENOME052135	GUT_GENOME052135_00777	79	0	0	0	0	0
GUT_GENOME052135	GUT_GENOME052135_00778	556	407	13.2108	15.3245	192.995	131567
GUT_GENOME052135	GUT_GENOME052135_00779	183	122	12.1694	15.6806	46.4083	28890
GUT_GENOME052135	GUT_GENOME052135_00780	237	2	1.90476	0	0	0
GUT_GENOME052135	GUT_GENOME052135_00781	187	420	10.8218	10.908	207.19	131567
GUT_GENOME052135	GUT_GENOME052135_00782	185	12	8.19837	0	0	0
GUT_GENOME052135	GUT_GENOME052135_00783	376	91	15.6671	14.055	25.3054	28890
GUT_GENOME052135	GUT_GENOME052135_00784	264	320	14.343	13.9612	177.977	131567
GUT_GENOME052135	GUT_GENOME052135_00785	69	0	0	0	0	0
GUT_GENOME052135	GUT_GENOME052135_00786	98	0	0	0	0	0
GUT_GENOME052135	GUT_GENOME052135_00787	245	8	5.30252	0	0	0
GUT_GENOME052135	GUT_GENOME052135_00788	154	27	1.7746	0	14.0603	29521
GUT_GENOME052135	GUT_GENOME052135_00789	882	65	8.53825	0.754781	26.2283	1239
GUT_GENOME052135	GUT_GENOME052135_00790	77	0	0	0	0	0
GUT_GENOME052135	GUT_GENOME052135_00791	436	2	1.99023	0	0	0
GUT_GENOME052135	GUT_GENOME052135_00792	194	7	4.88041	0	0	0
GUT_GENOME052135	GUT_GENOME052135_00793	194	9	6.23636	0	0	0
GUT_GENOME052135	GUT_GENOME052135_00794	231	9	6.17316	0	0	0
GUT_GENOME052135	GUT_GENOME052135_00795	411	479	14.687	14.6906	287.314	131567
GUT_GENOME052135	GUT_GENOME052135_00796	364	163	13.4026	15.2779	63.5373	28890
GUT_GENOME052135	GUT_GENOME052135_00797	404	23	11.0692	2.55748	0.485785	523846
GUT_GENOME052135	GUT_GENOME052135_00798	155	132	14.2215	13.215	52.8827	28890
GUT_GENOME052135	GUT_GENOME052135_00799	53	0	0	0	0	0
GUT_GENOME052135	GUT_GENOME052135_00800	274	460	15.0741	15.0904	219.783	523846
GUT_GENOME052135	GUT_GENOME052135_00801	509	23	12.1598	2.76239	0	0
GUT_GENOME052135	GUT_GENOME052135_00802	158	16	11.6852	0	0	0
GUT_GENOME052135	GUT_GENOME052135_00803	147	138	14.6519	16.5563	60.9522	2283794
GUT_GENOME052135	GUT_GENOME052135_00804	413	164	14.1304	19.0278	73.2063	523846
GUT_GENOME052135	GUT_GENOME052135_00805	104	0	0	0	0	0
GUT_GENOME052135	GUT_GENOME052135_00806	154	2	1.88477	0	0	0
GUT_GENOME052135	GUT_GENOME052135_00807	195	39	11.2737	13.4737	0.573684	523846
GUT_GENOME052135	GUT_GENOME052135_00808	305	32	11.0634	12.6715	0.718699	523846
GUT_GENOME052135	GUT_GENOME052135_00809	224	2	1.97156	0	0	0
GUT_GENOME052135	GUT_GENOME052135_00810	498	99	13.1437	17.0972	24.2854	523846
GUT_GENOME052135	GUT_GENOME052135_00812	339	2	1.84043	0	0	0
GUT_GENOME052135	GUT_GENOME052135_00813	104	2	1.97778	0	0	0
GUT_GENOME052135	GUT_GENOME052135_00814	140	14	9.88028	0	0	0
GUT_GENOME052135	GUT_GENOME052135_00815	96	2	1.97906	0	0	0
GUT_GENOME052135	GUT_GENOME052135_00816	190	21	11.0053	2.57487	0	0
GUT_GENOME052135	GUT_GENOME052135_00817	334	41	14.7997	13.3111	0.573596	523846
GUT_GENOME052135	GUT_GENOME052135_00818	134	2	1.47154	0	0	0
GUT_GENOME052135	GUT_GENOME052135_00819	353	39	12.2345	11.2895	0.556497	523846
GUT_GENOME052135	GUT_GENOME052135_00820	158	36	11.3077	13.5224	0.564103	523846
GUT_GENOME052135	GUT_GENOME052135_00821	311	58	13.2337	16.0668	9.5409	523846
GUT_GENOME052135	GUT_GENOME052135_00822	146	7	5.07692	0	0	0
GUT_GENOME052135	GUT_GENOME052135_00823	303	44	13.6779	16.3524	0.627319	523846
GUT_GENOME052135	GUT_GENOME052135_00824	322	470	12.629	16.2353	212.836	2
GUT_GENOME052135	GUT_GENOME052135_00825	292	7	4.87194	0	0	0
GUT_GENOME052135	GUT_GENOME052135_00826	342	60	12.7904	12.3872	8.38282	131567
GUT_GENOME052135	GUT_GENOME052135_00827	143	37	14.5035	12.1189	0	0
GUT_GENOME052135	GUT_GENOME052135_00828	259	0	0	0	0	0
GUT_GENOME052135	GUT_GENOME052135_00829	35	0	0	0	0	0
GUT_GENOME052135	GUT_GENOME052135_00830	150	1	0.980263	0	0	0
GUT_GENOME052135	GUT_GENOME052135_00831	110	0	0	0	0	0
GUT_GENOME052135	GUT_GENOME052135_00832	95	2	1.97927	0	0	0
GUT_GENOME052135	GUT_GENOME052135_00833	541	1	0.991396	0	0	0
GUT_GENOME052135	GUT_GENOME052135_00834	185	42	11.0916	3.17251	9.83288	523846
GUT_GENOME052135	GUT_GENOME052135_00835	456	44	13.1145	15.3364	0.996532	523846
GUT_GENOME052135	GUT_GENOME052135_00836	397	23	10.8491	3.35038	0	0
GUT_GENOME052135	GUT_GENOME052135_00837	111	7	5.9823	0	0	0
GUT_GENOME052135	GUT_GENOME052135_00838	93	2	1.97778	0	0	0
GUT_GENOME052135	GUT_GENOME052135_00839	65	0	0	0	0	0
GUT_GENOME052135	GUT_GENOME052135_00840	406	39	11.751	15.5388	0.642948	523846
GUT_GENOME052135	GUT_GENOME052135_00841	297	63	11.6597	13.599	12.3299	523846
GUT_GENOME052135	GUT_GENOME052135_00842	273	96	12.9008	16.2156	27.5191	2182
GUT_GENOME052135	GUT_GENOME052135_00843	346	4	3.32578	0	0	0
GUT_GENOME052135	GUT_GENOME052135_00844	533	4	3.14406	0	0	0
GUT_GENOME052135	GUT_GENOME052135_00845	502	4	3.06131	0	0	0
GUT_GENOME052135	GUT_GENOME052135_00846	300	202	15.3791	17.3688	82.9623	2283794
GUT_GENOME052135	GUT_GENOME052135_00847	361	12	5.29313	2.14306	0	0
GUT_GENOME052135	GUT_GENOME052135_00848	485	13	6.32265	2.23397	0	0
GUT_GENOME052135	GUT_GENOME052135_00849	125	2	1.95984	0	0	0
GUT_GENOME052135	GUT_GENOME052135_00850	396	457	11.8136	9.82529	222.992	131567
GUT_GENOME052135	GUT_GENOME052135_00851	432	452	13.6414	9.52453	254.756	131567
GUT_GENOME052135	GUT_GENOME052135_00852	63	0	0	0	0	0
GUT_GENOME052135	GUT_GENOME052135_00853	405	4	2.69027	0	0	0
GUT_GENOME052135	GUT_GENOME052135_00854	58	0	0	0	0	0
GUT_GENOME052135	GUT_GENOME052135_00855	207	35	13.845	7.5025	1.8325	28890
GUT_GENOME052135	GUT_GENOME052135_00856	566	40	14.3401	15.8208	0.658088	523846
GUT_GENOME052135	GUT_GENOME052135_00857	92	0	0	0	0	0
GUT_GENOME052135	GUT_GENOME052135_00858	148	27	11.3916	8.17832	0	0
GUT_GENOME052135	GUT_GENOME052135_00859	423	308	13.4783	11.2638	138.987	2283794
GUT_GENOME052135	GUT_GENOME052135_00860	140	19	10.9965	2.37762	0	0
GUT_GENOME052135	GUT_GENOME052135_00861	575	40	12.628	11.8681	0	0
GUT_GENOME052135	GUT_GENOME052135_00862	87	0	0	0	0	0
GUT_GENOME052135	GUT_GENOME052135_00863	318	61	13.2803	14.0732	14.0796	2283794
GUT_GENOME052135	GUT_GENOME052135_00864	417	193	14.4562	16.0972	74.5774	523846
GUT_GENOME052135	GUT_GENOME052135_00865	187	21	11.6082	1.40548	0	0
GUT_GENOME052135	GUT_GENOME052135_00866	327	43	12.6219	12.6984	1.54375	523846
GUT_GENOME052135	GUT_GENOME052135_00867	303	35	10.8272	2.42932	5.75218	1239
GUT_GENOME052135	GUT_GENOME052135_00868	163	8	6.02222	0	0	0
GUT_GENOME052135	GUT_GENOME052135_00869	465	7	5.72478	0	0	0
GUT_GENOME052135	GUT_GENOME052135_00870	300	100	12.6017	14.0017	36.495	131567
GUT_GENOME052135	GUT_GENOME052135_00871	121	0	0	0	0	0
GUT_GENOME052135	GUT_GENOME052135_00872	235	0	0	0	0	0
GUT_GENOME052135	GUT_GENOME052135_00873	204	0	0	0	0	0
GUT_GENOME052135	GUT_GENOME052135_00874	196	0	0	0	0	0
GUT_GENOME052135	GUT_GENOME052135_00875	95	0	0	0	0	0
GUT_GENOME052135	GUT_GENOME052135_00876	193	0	0	0	0	0
GUT_GENOME052135	GUT_GENOME052135_00877	111	0	0	0	0	0
GUT_GENOME052135	GUT_GENOME052135_00878	76	0	0	0	0	0
GUT_GENOME052135	GUT_GENOME052135_00879	316	18	9.83784	1.56757	0	0
GUT_GENOME052135	GUT_GENOME052135_00880	149	2	1.88502	0	0	0
GUT_GENOME052135	GUT_GENOME052135_00881	696	43	11.0972	2.57573	13.2856	186801
GUT_GENOME052135	GUT_GENOME052135_00882	171	21	13.1209	0	1.51327	2
GUT_GENOME052135	GUT_GENOME052135_00883	715	449	10.1667	2.38913	259.269	131567
GUT_GENOME052135	GUT_GENOME052135_00884	308	435	6.17875	0	234.175	1239
GUT_GENOME052135	GUT_GENOME052135_00885	253	18	11.7197	0.487078	0	0
GUT_GENOME052135	GUT_GENOME052135_00886	408	70	13.3748	18.5236	17.9395	28890
GUT_GENOME052135	GUT_GENOME052135_00887	137	18	11.3993	1.25	1.28358	131567
GUT_GENOME052135	GUT_GENOME052135_00888	39	0	0	0	0	0
GUT_GENOME052135	GUT_GENOME052135_00889	319	20	11.5731	0.530378	0.486043	523846
GUT_GENOME052135	GUT_GENOME052135_00890	277	30	7.049	9.29401	2.24138	570266
GUT_GENOME052135	GUT_GENOME052135_00891	424	465	14.7993	15.5697	227.572	131567
GUT_GENOME052135	GUT_GENOME052135_00892	525	6	3.9759	0	0	0
GUT_GENOME052135	GUT_GENOME052135_00893	283	23	10.5638	2.29524	0.44381	523846
GUT_GENOME052135	GUT_GENOME052135_00894	364	446	15.5592	18.0313	260.774	131567
GUT_GENOME052135	GUT_GENOME052135_00895	302	7	4.55417	0	0	0
GUT_GENOME052135	GUT_GENOME052135_00896	365	8	5.75647	0	0	0
GUT_GENOME052135	GUT_GENOME052135_00897	451	53	12.5505	14.395	5.99773	523846
GUT_GENOME052135	GUT_GENOME052135_00898	164	6	4.27742	0	0	0
GUT_GENOME052135	GUT_GENOME052135_00899	122	2	1.93277	0	0	0
GUT_GENOME052135	GUT_GENOME052135_00900	253	18	11.4941	0.523622	0.521654	523846
GUT_GENOME052135	GUT_GENOME052135_00901	254	102	13.5711	16.1719	32.8755	131567
GUT_GENOME052135	GUT_GENOME052135_00902	228	8	5.42411	0	0	0
GUT_GENOME052135	GUT_GENOME052135_00903	196	2	1.96021	0	0	0
GUT_GENOME052135	GUT_GENOME052135_00904	49	0	0	0	0	0
GUT_GENOME052135	GUT_GENOME052135_00905	125	1	0.731602	0	0	0
GUT_GENOME052135	GUT_GENOME052135_00906	163	5	3.41538	0.603077	0	0
GUT_GENOME052135	GUT_GENOME052135_00907	363	3	1.95323	0	0	0
GUT_GENOME052135	GUT_GENOME052135_00908	83	0	0	0	0	0
GUT_GENOME052135	GUT_GENOME052135_00909	79	0	0	0	0	0
GUT_GENOME052135	GUT_GENOME052135_00910	353	7	4.48968	0	0	0
GUT_GENOME052135	GUT_GENOME052135_00911	634	36	11.8202	9.69569	0	0
GUT_GENOME052135	GUT_GENOME052135_00912	264	404	10.8481	19.3212	253.688	28890
GUT_GENOME052135	GUT_GENOME052135_00914	264	7	5.11788	0	0	0
GUT_GENOME052135	GUT_GENOME052135_00915	818	36	10.0825	11.1914	0.528713	523846
GUT_GENOME052135	GUT_GENOME052135_00916	128	3	2.56202	0	0	0
GUT_GENOME052135	GUT_GENOME052135_00917	466	2	1.9863	0	0	0
GUT_GENOME052135	GUT_GENOME052135_00918	95	1	0.958115	0	0	0
GUT_GENOME052135	GUT_GENOME052135_00919	179	1	0.70317	0	0	0
GUT_GENOME052135	GUT_GENOME052135_00920	178	1	0.812308	0	0	0
GUT_GENOME052135	GUT_GENOME052135_00921	402	42	4.40909	0	18.4521	171549
GUT_GENOME052135	GUT_GENOME052135_00922	391	59	2.6826	0	29.0074	171549
GUT_GENOME052135	GUT_GENOME052135_00923	412	399	13.6667	1.27458	218.411	1239
GUT_GENOME052135	GUT_GENOME052135_00924	89	2	2	0	0	0
GUT_GENOME052135	GUT_GENOME052135_00925	548	452	11.5113	14.8821	260.772	131567
GUT_GENOME052135	GUT_GENOME052135_00926	37	0	0	0	0	0
GUT_GENOME052135	GUT_GENOME052135_00927	94	2	1.95055	0	0	0
GUT_GENOME052135	GUT_GENOME052135_00928	334	10	5.74214	0.325472	0	0
GUT_GENOME052135	GUT_GENOME052135_00929	95	2	1.98324	0	0	0
GUT_GENOME052135	GUT_GENOME052135_00930	245	11	7.15496	0	0	0
GUT_GENOME052135	GUT_GENOME052135_00931	419	198	13.0123	13.8719	70.4809	523846
GUT_GENOME052135	GUT_GENOME052135_00932	302	28	6.82676	7.58662	0	0
GUT_GENOME052135	GUT_GENOME052135_00933	240	99	12.569	12.3201	35.8473	2259
GUT_GENOME052135	GUT_GENOME052135_00934	470	39	13.3571	12.0011	0.587076	523846
GUT_GENOME052135	GUT_GENOME052135_00935	200	6	4.01039	0	0	0
GUT_GENOME052135	GUT_GENOME052135_00936	187	7	4.975	0	0	0
GUT_GENOME052135	GUT_GENOME052135_00937	61	0	0	0	0	0
GUT_GENOME052135	GUT_GENOME052135_00938	72	0	0	0	0	0
GUT_GENOME052135	GUT_GENOME052135_00939	161	2	1.71118	0	0	0
GUT_GENOME052135	GUT_GENOME052135_00940	227	31	11.9639	7.77495	0	0
GUT_GENOME052135	GUT_GENOME052135_00941	444	2	1.88483	0	0	0
GUT_GENOME052135	GUT_GENOME052135_00942	555	11	7.05239	0	0	0
GUT_GENOME052135	GUT_GENOME052135_00943	353	7	4.94675	0	0	0
GUT_GENOME052135	GUT_GENOME052135_00944	167	463	15.7415	18.5508	289.609	131567
GUT_GENOME052135	GUT_GENOME052135_00945	272	32	11.5494	8.60079	0.411067	230356
GUT_GENOME052135	GUT_GENOME052135_00946	96	2	1.97917	0	0	0
GUT_GENOME052135	GUT_GENOME052135_00947	269	7	4.7607	0	0	0
GUT_GENOME052135	GUT_GENOME052135_00948	263	5	4.03876	0	0	0
GUT_GENOME052135	GUT_GENOME052135_00949	166	19	12.2271	1.10914	0	0
GUT_GENOME052135	GUT_GENOME052135_00950	261	12	5.98992	2.08669	0	0
GUT_GENOME052135	GUT_GENOME052135_00951	586	4	3.19671	0	0	0
GUT_GENOME052135	GUT_GENOME052135_00952	364	9	6.2296	0	0	0
GUT_GENOME052135	GUT_GENOME052135_00953	167	7	5.19477	0	0	0
GUT_GENOME052135	GUT_GENOME052135_00954	288	395	15.412	14.1932	192.766	2283794
GUT_GENOME052135	GUT_GENOME052135_00955	381	224	14.4688	17.7995	94.7466	523846
GUT_GENOME052135	GUT_GENOME052135_00956	80	7	6.66298	0	0	0
GUT_GENOME052135	GUT_GENOME052135_00957	174	153	12.9795	16.3187	62.9269	28890
GUT_GENOME052135	GUT_GENOME052135_00958	251	9	6.48057	0	0	0
GUT_GENOME052135	GUT_GENOME052135_00959	187	23	11.0219	4.07671	0	0
GUT_GENOME052135	GUT_GENOME052135_00960	182	342	13.8161	12.5115	158.647	131567
GUT_GENOME052135	GUT_GENOME052135_00961	408	38	12.7145	9.8717	0.516981	523846
GUT_GENOME052135	GUT_GENOME052135_00962	104	2	1.81553	0	0	0
GUT_GENOME052135	GUT_GENOME052135_00963	414	137	14.0247	13.742	49.5259	28890
GUT_GENOME052135	GUT_GENOME052135_00964	162	10	6.86174	0	0	0
GUT_GENOME052135	GUT_GENOME052135_00965	343	10	6.19941	0	0	0
GUT_GENOME052135	GUT_GENOME052135_00966	307	47	15.4488	13.0211	4.39675	224756
GUT_GENOME052135	GUT_GENOME052135_00967	130	0	0	0	0	0
GUT_GENOME052135	GUT_GENOME052135_00968	124	14	10.8024	0	0	0
GUT_GENOME052135	GUT_GENOME052135_00969	234	19	10.8602	1.0086	0.522581	523846
GUT_GENOME052135	GUT_GENOME052135_00970	366	47	12.2462	15.4205	3.11203	523846
GUT_GENOME052135	GUT_GENOME052135_00971	158	9	7.14337	0	0	0
GUT_GENOME052135	GUT_GENOME052135_00972	180	12	9.38202	0	0	0
GUT_GENOME052135	GUT_GENOME052135_00973	274	9	6.20825	0	0	0
GUT_GENOME052135	GUT_GENOME052135_00974	211	32	10.5746	10.5844	0	0
GUT_GENOME052135	GUT_GENOME052135_00975	204	71	10.8771	3.086	27.1523	131567
GUT_GENOME052135	GUT_GENOME052135_00976	310	243	10.6371	3.13548	108.742	131567
GUT_GENOME052135	GUT_GENOME052135_00977	185	453	11.6945	3.87608	272.395	2206
GUT_GENOME052135	GUT_GENOME052135_00978	333	37	13.2597	10.3081	0.559677	523846
GUT_GENOME052135	GUT_GENOME052135_00979	150	33	12.8095	9.81633	0	0
GUT_GENOME052135	GUT_GENOME052135_00980	101	2	1.94581	0	0	0
GUT_GENOME052135	GUT_GENOME052135_00981	314	12	7.24311	1.01621	0	0
GUT_GENOME052135	GUT_GENOME052135_00982	250	473	12.8821	13.2378	243.482	131567
GUT_GENOME052135	GUT_GENOME052135_00983	221	419	14.0278	17.6829	213.738	131567
GUT_GENOME052135	GUT_GENOME052135_00984	143	16	11.6015	0	0	0
GUT_GENOME052135	GUT_GENOME052135_00985	107	2	1.97685	0	0	0
GUT_GENOME052135	GUT_GENOME052135_00986	92	2	1.98907	0	0	0
GUT_GENOME052135	GUT_GENOME052135_00987	194	36	11.9612	10.3178	0	0
GUT_GENOME052135	GUT_GENOME052135_00988	239	49	13.4008	14.5607	2.34008	2498709
GUT_GENOME052135	GUT_GENOME052135_00989	77	0	0	0	0	0
GUT_GENOME052135	GUT_GENOME052135_00990	258	7	4.41494	0	0	0
GUT_GENOME052135	GUT_GENOME052135_00991	507	2	1.82267	0	0	0
GUT_GENOME052135	GUT_GENOME052135_00992	351	15	9.07439	0	0	0
GUT_GENOME052135	GUT_GENOME052135_00993	193	2	0	0	0.937824	186817
GUT_GENOME052135	GUT_GENOME052135_00994	56	0	0	0	0	0
GUT_GENOME052135	GUT_GENOME052135_00995	306	425	2.11905	0	222.723	1239
GUT_GENOME052135	GUT_GENOME052135_00996	108	0	0	0	0	0
GUT_GENOME052135	GUT_GENOME052135_00997	317	76	0	0	29.2876	1239
GUT_GENOME052135	GUT_GENOME052135_00999	58	0	0	0	0	0
GUT_GENOME052135	GUT_GENOME052135_01000	262	8	5.12176	0	0	0
GUT_GENOME052135	GUT_GENOME052135_01001	428	20	13.4323	0	0	0
GUT_GENOME052135	GUT_GENOME052135_01002	286	420	4.87755	0.620748	187.31	2
GUT_GENOME052135	GUT_GENOME052135_01003	60	0	0	0	0	0
GUT_GENOME052135	GUT_GENOME052135_01004	356	376	8.21962	5.89019	202.097	131567
GUT_GENOME052135	GUT_GENOME052135_01005	203	4	3.25389	0	0	0
GUT_GENOME052135	GUT_GENOME052135_01006	472	39	15.9526	15.1411	0.666323	523846
GUT_GENOME052135	GUT_GENOME052135_01007	288	0	0	0	0	0
GUT_GENOME052135	GUT_GENOME052135_01008	318	5	2.99372	0	0	0
GUT_GENOME052135	GUT_GENOME052135_01009	240	12	3.91258	2.14286	0.863539	2191
GUT_GENOME052135	GUT_GENOME052135_01010	147	2	1.24055	0	0	0
GUT_GENOME052135	GUT_GENOME052135_01011	157	4	2.51543	0	0	0
GUT_GENOME052135	GUT_GENOME052135_01012	457	57	14.4504	13.9445	8.85486	2283794
GUT_GENOME052135	GUT_GENOME052135_01013	152	6	4.22924	0	0	0
GUT_GENOME052135	GUT_GENOME052135_01014	571	2	1.75793	0	0	0
GUT_GENOME052135	GUT_GENOME052135_01015	309	7	4.89684	0	0	0
GUT_GENOME052135	GUT_GENOME052135_01016	321	55	13.4551	7.47087	10.9528	1239
GUT_GENOME052135	GUT_GENOME052135_01017	285	39	11.5147	4.66551	6.31542	1239
GUT_GENOME052135	GUT_GENOME052135_01018	56	0	0	0	0	0
GUT_GENOME052135	GUT_GENOME052135_01019	227	427	7.77506	2.44989	258.913	186802
GUT_GENOME052135	GUT_GENOME052135_01020	154	240	8.09025	2.56679	154.347	1783272
GUT_GENOME052135	GUT_GENOME052135_01021	273	392	6.92647	2.01287	187.748	186802
GUT_GENOME052135	GUT_GENOME052135_01022	288	115	14.2207	16.6486	34.9202	523846
GUT_GENOME052135	GUT_GENOME052135_01023	45	0	0	0	0	0
GUT_GENOME052135	GUT_GENOME052135_01024	290	32	9.58059	7.63432	1.69844	523846
GUT_GENOME052135	GUT_GENOME052135_01025	444	45	9.01617	10.2309	9.18822	2283794
GUT_GENOME052135	GUT_GENOME052135_01026	55	0	0	0	0	0
GUT_GENOME052135	GUT_GENOME052135_01027	283	6	4.25616	0	0	0
GUT_GENOME052135	GUT_GENOME052135_01028	206	5	3.58072	0	0	0
GUT_GENOME052135	GUT_GENOME052135_01029	123	15	1.92562	0	9.08264	1239
GUT_GENOME052135	GUT_GENOME052135_01030	114	1	0.879668	0	0	0
GUT_GENOME052135	GUT_GENOME052135_01031	236	11	6.39746	0	0	0
GUT_GENOME052135	GUT_GENOME052135_01032	239	15	9.48447	0.521739	0	0
GUT_GENOME052135	GUT_GENOME052135_01033	254	35	10.5081	10.9553	0.528455	523846
GUT_GENOME052135	GUT_GENOME052135_01034	98	1	0.984043	0	0	0
GUT_GENOME052135	GUT_GENOME052135_01035	141	374	8.90681	16.0609	241.262	28890
GUT_GENOME052135	GUT_GENOME052135_01036	186	409	13.7119	15.0339	198.825	523846
GUT_GENOME052135	GUT_GENOME052135_01037	86	0	0	0	0	0
GUT_GENOME052135	GUT_GENOME052135_01038	313	31	11.7047	8.11074	0	0
GUT_GENOME052135	GUT_GENOME052135_01039	132	7	5.81919	0	0	0
GUT_GENOME052135	GUT_GENOME052135_01040	249	14	9.01207	0	0	0
GUT_GENOME052135	GUT_GENOME052135_01041	55	0	0	0	0	0
GUT_GENOME052135	GUT_GENOME052135_01042	157	47	2.90691	0	27.0811	131567
GUT_GENOME052135	GUT_GENOME052135_01043	80	0	0	0	0	0
GUT_GENOME052135	GUT_GENOME052135_01044	841	61	12.5376	13.1776	12.4479	523846
GUT_GENOME052135	GUT_GENOME052135_01045	360	4	3.39216	0	0	0
GUT_GENOME052135	GUT_GENOME052135_01046	245	0	0	0	0	0
GUT_GENOME052135	GUT_GENOME052135_01047	62	0	0	0	0	0
GUT_GENOME052135	GUT_GENOME052135_01048	563	26	10.6871	4.28855	0	0
GUT_GENOME052135	GUT_GENOME052135_01049	382	327	13.2909	14.659	155.766	28890
GUT_GENOME052135	GUT_GENOME052135_01050	156	0	0	0	0	0
GUT_GENOME052135	GUT_GENOME052135_01051	41	0	0	0	0	0
GUT_GENOME052135	GUT_GENOME052135_01052	116	0	0	0	0	0
GUT_GENOME052135	GUT_GENOME052135_01053	46	0	0	0	0	0
GUT_GENOME052135	GUT_GENOME052135_01054	320	465	12.0577	12.5127	229.815	523846
GUT_GENOME052135	GUT_GENOME052135_01055	463	3	2.53909	0	0	0
GUT_GENOME052135	GUT_GENOME052135_01056	204	5	3.55501	0	0	0
GUT_GENOME052135	GUT_GENOME052135_01057	114	4	3.62736	0	0	0
GUT_GENOME052135	GUT_GENOME052135_01058	99	2	1.90547	0	0	0
GUT_GENOME052135	GUT_GENOME052135_01059	655	459	15.2905	16.9534	264.621	131567
GUT_GENOME052135	GUT_GENOME052135_01060	65	0	0	0	0	0
GUT_GENOME052135	GUT_GENOME052135_01061	301	2	1.85787	0	0	0
GUT_GENOME052135	GUT_GENOME052135_01062	169	2	1.95988	0	0	0
GUT_GENOME052135	GUT_GENOME052135_01063	472	119	14.4284	16.8676	39.3186	2283794
GUT_GENOME052135	GUT_GENOME052135_01064	300	40	10.8067	13.0571	1.08571	28890
GUT_GENOME052135	GUT_GENOME052135_01065	247	8	5.82569	0	0	0
GUT_GENOME052135	GUT_GENOME052135_01066	317	136	13.0781	15.1021	45.6364	523846
GUT_GENOME052135	GUT_GENOME052135_01067	92	1	0.988571	0	0	0
GUT_GENOME052135	GUT_GENOME052135_01068	100	2	1.96535	0	0	0
GUT_GENOME052135	GUT_GENOME052135_01069	139	1	0	0	0.98227	2981720
GUT_GENOME052135	GUT_GENOME052135_01070	193	0	0	0	0	0
GUT_GENOME052135	GUT_GENOME052135_01071	138	1	0.723577	0	0	0
GUT_GENOME052135	GUT_GENOME052135_01072	210	2	1.12085	0	0	0
GUT_GENOME052135	GUT_GENOME052135_01073	108	2	1.94712	0	0	0
GUT_GENOME052135	GUT_GENOME052135_01074	71	0	0	0	0	0
GUT_GENOME052135	GUT_GENOME052135_01075	304	38	12.7824	10.7093	0.495017	523846
GUT_GENOME052135	GUT_GENOME052135_01076	237	10	7.22747	0	0	0
GUT_GENOME052135	GUT_GENOME052135_01077	130	14	9.82101	0.673152	0	0
GUT_GENOME052135	GUT_GENOME052135_01078	198	23	8.93902	2.27561	3.27073	2192
GUT_GENOME052135	GUT_GENOME052135_01079	302	61	10.6327	2.72977	26.6553	2191
GUT_GENOME052135	GUT_GENOME052135_01080	262	330	13.0332	16.1855	156.248	28890
GUT_GENOME052135	GUT_GENOME052135_01081	261	59	13.4336	17.4558	10.2412	523846
GUT_GENOME052135	GUT_GENOME052135_01082	290	3	2.2213	0	0	0
GUT_GENOME052135	GUT_GENOME052135_01083	207	3	2.40732	0	0	0
GUT_GENOME052135	GUT_GENOME052135_01084	254	0	0	0	0	0
GUT_GENOME052135	GUT_GENOME052135_01085	488	5	3.9671	0	0	0
GUT_GENOME052135	GUT_GENOME052135_01086	396	3	2.67847	0	0	0
GUT_GENOME052135	GUT_GENOME052135_01087	384	0	0	0	0	0
GUT_GENOME052135	GUT_GENOME052135_01088	428	0	0	0	0	0
GUT_GENOME052135	GUT_GENOME052135_01089	540	463	0	0	294.956	2
GUT_GENOME052135	GUT_GENOME052135_01090	315	411	12.2036	10.6962	224.805	131567
GUT_GENOME052135	GUT_GENOME052135_01091	208	243	13.7255	13.1575	101.842	131567
GUT_GENOME052135	GUT_GENOME052135_01092	396	35	10.9792	8.7961	0.474026	523846
GUT_GENOME052135	GUT_GENOME052135_01093	885	4	1.62945	0.403207	0	0
GUT_GENOME052135	GUT_GENOME052135_01094	51	0	0	0	0	0
GUT_GENOME052135	GUT_GENOME052135_01095	407	70	11.3546	16.8745	16.6996	28890
GUT_GENOME052135	GUT_GENOME052135_01096	336	2	1.92991	0	0	0
GUT_GENOME052135	GUT_GENOME052135_01097	209	19	11.1446	1.09314	0.507353	523846
GUT_GENOME052135	GUT_GENOME052135_01098	305	7	5.51541	0	0	0
GUT_GENOME052135	GUT_GENOME052135_01099	497	443	15.7906	15.5209	224.473	28890
GUT_GENOME052135	GUT_GENOME052135_01100	288	14	10.5552	0	0	0
GUT_GENOME052135	GUT_GENOME052135_01101	82	0	0	0	0	0
GUT_GENOME052135	GUT_GENOME052135_01102	440	135	13.4749	14.5883	37.8117	523846
GUT_GENOME052135	GUT_GENOME052135_01103	37	0	0	0	0	0
GUT_GENOME052135	GUT_GENOME052135_01104	320	189	13.9599	13.8228	82.7288	523846
GUT_GENOME052135	GUT_GENOME052135_01105	73	0	0	0	0	0
GUT_GENOME052135	GUT_GENOME052135_01106	172	39	12.8255	14.302	0.654362	523846
GUT_GENOME052135	GUT_GENOME052135_01107	88	3	2.78075	0	0	0
GUT_GENOME052135	GUT_GENOME052135_01108	191	6	4.55797	0	0	0
GUT_GENOME052135	GUT_GENOME052135_01109	34	0	0	0	0	0
GUT_GENOME052135	GUT_GENOME052135_01110	323	66	14.4098	18.5981	16.1266	2283794
GUT_GENOME052135	GUT_GENOME052135_01111	165	13	5.97561	0	2.12195	2
GUT_GENOME052135	GUT_GENOME052135_01112	270	8	5.76654	0	0	0
GUT_GENOME052135	GUT_GENOME052135_01113	282	18	9.49027	1.97699	0	0
GUT_GENOME052135	GUT_GENOME052135_01114	198	461	14.5026	16.2821	256.982	28890
GUT_GENOME052135	GUT_GENOME052135_01115	64	0	0	0	0	0
GUT_GENOME052135	GUT_GENOME052135_01116	138	94	16.0436	15.4364	36.1964	523846
GUT_GENOME052135	GUT_GENOME052135_01117	404	110	13.4934	16.1187	32.3615	131567
GUT_GENOME052135	GUT_GENOME052135_01118	36	0	0	0	0	0
GUT_GENOME052135	GUT_GENOME052135_01119	377	18	5.50198	6.63804	0	0
GUT_GENOME052135	GUT_GENOME052135_01120	81	0	0	0	0	0
GUT_GENOME052135	GUT_GENOME052135_01121	361	32	11.0467	7.95474	0	0
GUT_GENOME052135	GUT_GENOME052135_01122	154	5	3.75908	0	0	0
GUT_GENOME052135	GUT_GENOME052135_01123	659	452	14.5724	14.3211	224.214	523846
GUT_GENOME052135	GUT_GENOME052135_01124	213	98	13.098	14.9779	28.4387	523846
GUT_GENOME052135	GUT_GENOME052135_01125	101	2	2	0	0	0
GUT_GENOME052135	GUT_GENOME052135_01126	276	18	9.56078	1.93922	0	0
GUT_GENOME052135	GUT_GENOME052135_01127	281	78	11.9333	15.3405	17.2757	2283794
GUT_GENOME052135	GUT_GENOME052135_01128	415	62	13.4228	13.1271	10.9252	523846
GUT_GENOME052135	GUT_GENOME052135_01129	306	49	12.4567	13.8998	7.26486	523846
GUT_GENOME052135	GUT_GENOME052135_01130	171	7	4.79228	0	0	0
GUT_GENOME052135	GUT_GENOME052135_01131	330	443	12.5587	15.0501	221.369	2283794
GUT_GENOME052135	GUT_GENOME052135_01132	334	43	13.1559	14.662	0.587963	523846
GUT_GENOME052135	GUT_GENOME052135_01133	65	0	0	0	0	0
GUT_GENOME052135	GUT_GENOME052135_01134	47	0	0	0	0	0
GUT_GENOME052135	GUT_GENOME052135_01135	372	0	0	0	0	0
GUT_GENOME052135	GUT_GENOME052135_01136	262	30	3.3677	0.821012	12.4728	131567
GUT_GENOME052135	GUT_GENOME052135_01137	119	1	0.978541	0	0	0
GUT_GENOME052135	GUT_GENOME052135_01138	237	400	13.8795	13.981	203.689	2283794
GUT_GENOME052135	GUT_GENOME052135_01139	318	418	3.7	0.619355	242.781	2
GUT_GENOME052135	GUT_GENOME052135_01140	331	433	12.0504	4.05827	229.655	2206
GUT_GENOME052135	GUT_GENOME052135_01141	539	30	7.99449	2.23529	7.03676	2207
GUT_GENOME052135	GUT_GENOME052135_01142	234	429	9.29556	1.36889	249.018	1239
GUT_GENOME052135	GUT_GENOME052135_01143	85	0	0	0	0	0
GUT_GENOME052135	GUT_GENOME052135_01144	294	2	1.99828	0	0	0
GUT_GENOME052135	GUT_GENOME052135_01145	470	13	8.08307	1.49211	0	0
GUT_GENOME052135	GUT_GENOME052135_01146	219	1	0.990632	0	0	0
GUT_GENOME052135	GUT_GENOME052135_01147	389	1	0.969697	0	0	0
GUT_GENOME052135	GUT_GENOME052135_01148	79	1	0.982759	0	0	0
GUT_GENOME052135	GUT_GENOME052135_01149	124	1	0.976636	0	0	0
GUT_GENOME052135	GUT_GENOME052135_01150	855	5	4.03434	0	0	0
GUT_GENOME052135	GUT_GENOME052135_01151	162	2	1.45638	0	0	0
GUT_GENOME052135	GUT_GENOME052135_01152	270	2	1.61792	0	0	0
GUT_GENOME052135	GUT_GENOME052135_01153	201	6	4.13827	0	0.42963	1828736
GUT_GENOME052135	GUT_GENOME052135_01154	146	4	3.21895	0	0	0
GUT_GENOME052135	GUT_GENOME052135_01155	306	39	7.7277	7.20657	9.22222	2283794
GUT_GENOME052135	GUT_GENOME052135_01156	133	54	12.35	14.5	13.375	28890
GUT_GENOME052135	GUT_GENOME052135_01157	412	21	5.07167	4.06485	0	0
GUT_GENOME052135	GUT_GENOME052135_01158	449	2	1.7796	0	0	0
GUT_GENOME052135	GUT_GENOME052135_01159	360	36	11.5219	8.91089	0.547383	523846
GUT_GENOME052135	GUT_GENOME052135_01160	69	0	0	0	0	0
GUT_GENOME052135	GUT_GENOME052135_01161	125	4	3.60952	0	0	0
GUT_GENOME052135	GUT_GENOME052135_01162	217	116	14.5758	15.8815	40	28890
GUT_GENOME052135	GUT_GENOME052135_01163	343	37	14.9071	12.3004	0.563135	523846
GUT_GENOME052135	GUT_GENOME052135_01164	231	17	4.96383	5.87234	0.542553	2478471
GUT_GENOME052135	GUT_GENOME052135_01165	208	58	5.25537	7.97375	21.0621	2478471
GUT_GENOME052135	GUT_GENOME052135_01166	275	17	5.16423	6.88686	0.614964	2478471
GUT_GENOME052135	GUT_GENOME052135_01167	231	5	3.73742	0	0	0
GUT_GENOME052135	GUT_GENOME052135_01168	431	2	1.96445	0	0	0
GUT_GENOME052135	GUT_GENOME052135_01169	215	3	2.9265	0	0	0
GUT_GENOME052135	GUT_GENOME052135_01170	104	0	0	0	0	0
GUT_GENOME052135	GUT_GENOME052135_01171	661	24	11.0153	4.25443	0	0
GUT_GENOME052135	GUT_GENOME052135_01172	218	66	11.0308	9.20616	14.4621	28890
GUT_GENOME052135	GUT_GENOME052135_01173	114	2	1.97143	0	0	0
GUT_GENOME052135	GUT_GENOME052135_01174	98	3	2.84615	0	0	0
GUT_GENOME052135	GUT_GENOME052135_01175	71	0	0	0	0	0
GUT_GENOME052135	GUT_GENOME052135_01176	160	9	6.19079	0	0	0
GUT_GENOME052135	GUT_GENOME052135_01177	417	464	14.7799	15.3067	227.182	523846
GUT_GENOME052135	GUT_GENOME052135_01178	214	1	0.745875	0	0	0
GUT_GENOME052135	GUT_GENOME052135_01179	345	17	11.9855	0	0	0
GUT_GENOME052135	GUT_GENOME052135_01180	568	42	12.7546	12.7215	1.05331	523846
GUT_GENOME052135	GUT_GENOME052135_01181	141	7	5.56296	0	0	0
GUT_GENOME052135	GUT_GENOME052135_01182	55	0	0	0	0	0
GUT_GENOME052135	GUT_GENOME052135_01183	320	2	1.96278	0	0	0
GUT_GENOME052135	GUT_GENOME052135_01184	272	16	10.7944	0	0	0
GUT_GENOME052135	GUT_GENOME052135_01185	109	9	7.78873	0	0	0
GUT_GENOME052135	GUT_GENOME052135_01186	110	20	15.4505	1.57207	0	0
GUT_GENOME052135	GUT_GENOME052135_01187	90	0	0	0	0	0
GUT_GENOME052135	GUT_GENOME052135_01188	82	0	0	0	0	0
GUT_GENOME052135	GUT_GENOME052135_01189	85	1	0.988304	0	0	0
GUT_GENOME052135	GUT_GENOME052135_01190	186	21	6.97167	6.03966	0	0
GUT_GENOME052135	GUT_GENOME052135_01191	218	8	5.22118	0	0	0
GUT_GENOME052135	GUT_GENOME052135_01192	268	50	13.9245	11.734	4.87925	28890
GUT_GENOME052135	GUT_GENOME052135_01193	381	37	11.0765	11.4773	0.488975	523846
GUT_GENOME052135	GUT_GENOME052135_01194	395	7	4.60028	0	0	0
GUT_GENOME052135	GUT_GENOME052135_01195	192	0	0	0	0	0
GUT_GENOME052135	GUT_GENOME052135_01196	454	12	8.89882	0.791765	0	0
GUT_GENOME052135	GUT_GENOME052135_01197	98	2	1.9375	0	0	0
GUT_GENOME052135	GUT_GENOME052135_01198	119	4	3.51073	0	0	0
GUT_GENOME052135	GUT_GENOME052135_01199	553	41	14.2747	12.4009	0.596313	523846
GUT_GENOME052135	GUT_GENOME052135_01200	348	396	11.6632	13.0734	174.74	28890
GUT_GENOME052135	GUT_GENOME052135_01201	145	10	7.79208	0	0	0
GUT_GENOME052135	GUT_GENOME052135_01202	221	439	14.1055	16.1766	206.571	28890
GUT_GENOME052135	GUT_GENOME052135_01203	72	0	0	0	0	0
GUT_GENOME052135	GUT_GENOME052135_01204	150	59	13.1946	11.0067	14.1174	28890
GUT_GENOME052135	GUT_GENOME052135_01205	145	18	12.1583	1.21942	0	0
GUT_GENOME052135	GUT_GENOME052135_01206	69	0	0	0	0	0
GUT_GENOME052135	GUT_GENOME052135_01207	161	93	13.8589	4.38957	36.3528	131567
GUT_GENOME052135	GUT_GENOME052135_01208	139	60	8.88699	12.024	16.4897	131567
GUT_GENOME052135	GUT_GENOME052135_01209	305	37	8.65774	7.8088	0	0
GUT_GENOME052135	GUT_GENOME052135_01210	488	110	12.4486	14.1874	29.2859	523846
GUT_GENOME052135	GUT_GENOME052135_01211	273	7	5.04727	0	0	0
GUT_GENOME052135	GUT_GENOME052135_01212	417	27	13.7348	4.95602	0	0
GUT_GENOME052135	GUT_GENOME052135_01213	92	1	0.983333	0	0	0
GUT_GENOME052135	GUT_GENOME052135_01214	98	13	12.466	0	0	0
GUT_GENOME052135	GUT_GENOME052135_01215	529	24	11.2061	3.57939	0	0
GUT_GENOME052135	GUT_GENOME052135_01216	49	0	0	0	0	0
GUT_GENOME052135	GUT_GENOME052135_01217	169	419	0	0	214.647	2
GUT_GENOME052135	GUT_GENOME052135_01218	153	0	0	0	0	0
GUT_GENOME052135	GUT_GENOME052135_01219	202	0	0	0	0	0
GUT_GENOME052135	GUT_GENOME052135_01220	182	0	0	0	0	0
GUT_GENOME052135	GUT_GENOME052135_01221	359	6	5.17474	0	0	0
GUT_GENOME052135	GUT_GENOME052135_01222	171	47	14.5144	10.5144	5.78736	2283794
GUT_GENOME052135	GUT_GENOME052135_01223	224	6	4.13089	0	0	0
GUT_GENOME052135	GUT_GENOME052135_01224	238	6	4.397	0	0	0
GUT_GENOME052135	GUT_GENOME052135_01225	122	2	1.90726	0	0	0
GUT_GENOME052135	GUT_GENOME052135_01226	176	3	2.65982	0	0	0
GUT_GENOME052135	GUT_GENOME052135_01227	173	9	6.10383	0	0	0
GUT_GENOME052135	GUT_GENOME052135_01228	463	42	13.1238	15.4589	0	0
GUT_GENOME052135	GUT_GENOME052135_01229	583	46	14.4115	17.8661	0.576211	523846
GUT_GENOME052135	GUT_GENOME052135_01230	98	2	1.98969	0	0	0
GUT_GENOME052135	GUT_GENOME052135_01231	347	18	11.5875	0.51312	0	0
GUT_GENOME052135	GUT_GENOME052135_01232	319	146	13.0513	15.9615	54.1827	28890
GUT_GENOME052135	GUT_GENOME052135_01233	98	2	2	0	0	0
GUT_GENOME052135	GUT_GENOME052135_01234	268	41	12.8856	11.5084	0.484053	523846
GUT_GENOME052135	GUT_GENOME052135_01235	168	35	11.8127	6.78674	3.48415	131567
GUT_GENOME052135	GUT_GENOME052135_01236	112	2	1.95261	0	0	0
GUT_GENOME052135	GUT_GENOME052135_01237	111	2	1.97273	0	0	0
GUT_GENOME052135	GUT_GENOME052135_01238	35	0	0	0	0	0
GUT_GENOME052135	GUT_GENOME052135_01239	180	45	13.9568	11.2865	4.82703	523846
GUT_GENOME052135	GUT_GENOME052135_01240	257	7	5.42204	0	0	0
GUT_GENOME052135	GUT_GENOME052135_01241	196	29	11.2676	5.97297	0	0
GUT_GENOME052135	GUT_GENOME052135_01242	241	32	11.6296	8.9695	0	0
GUT_GENOME052135	GUT_GENOME052135_01243	384	34	11.9177	10.5364	0	0
GUT_GENOME052135	GUT_GENOME052135_01244	208	12	6.38753	1.03794	0	0
GUT_GENOME052135	GUT_GENOME052135_01245	95	0	0	0	0	0
GUT_GENOME052135	GUT_GENOME052135_01246	129	3	2.86905	0	0	0
GUT_GENOME052135	GUT_GENOME052135_01247	293	414	11.1031	15.8174	281.53	131567
GUT_GENOME052135	GUT_GENOME052135_01248	281	9	5.45307	0	0	0
GUT_GENOME052135	GUT_GENOME052135_01249	116	12	9.68619	0	0	0
GUT_GENOME052135	GUT_GENOME052135_01250	252	0	0	0	0	0
GUT_GENOME052135	GUT_GENOME052135_01251	130	2	1.91667	0	0	0
GUT_GENOME052135	GUT_GENOME052135_01252	730	404	13.174	16.0661	199.643	523846
GUT_GENOME052135	GUT_GENOME052135_01253	428	74	9.12264	0.910377	31.5979	2
GUT_GENOME052135	GUT_GENOME052135_01254	220	2	1.97129	0	0	0
GUT_GENOME052135	GUT_GENOME052135_01255	592	3	2.14286	0	0	0
GUT_GENOME052135	GUT_GENOME052135_01256	52	0	0	0	0	0
GUT_GENOME052135	GUT_GENOME052135_01257	427	4	1.60803	0.53719	0	0
GUT_GENOME052135	GUT_GENOME052135_01258	203	6	4.57592	0	0	0
GUT_GENOME052135	GUT_GENOME052135_01260	127	8	6.27953	0	0	0
GUT_GENOME052135	GUT_GENOME052135_01261	183	475	8.29444	6.38611	222.611	131567
GUT_GENOME052135	GUT_GENOME052135_01262	342	213	8.86784	1.11747	104.868	1239
GUT_GENOME052135	GUT_GENOME052135_01263	236	299	9.46681	1.25268	154.582	186802
GUT_GENOME052135	GUT_GENOME052135_01264	164	19	9.22289	3.1506	0	0
GUT_GENOME052135	GUT_GENOME052135_01265	195	25	12.0026	3.65885	0	0
GUT_GENOME052135	GUT_GENOME052135_01266	483	43	14.9676	12.5275	0.480043	523846
GUT_GENOME052135	GUT_GENOME052135_01267	245	53	13.089	16.1698	5.86335	2283794
GUT_GENOME052135	GUT_GENOME052135_01268	153	37	10.2676	12.7023	0.578595	523846
GUT_GENOME052135	GUT_GENOME052135_01269	333	126	12.2633	16.6479	41.0769	2283794
GUT_GENOME052135	GUT_GENOME052135_01270	249	361	5.58776	0	190.616	2
GUT_GENOME052135	GUT_GENOME052135_01271	397	124	5.59593	0	57.9733	2
GUT_GENOME052135	GUT_GENOME052135_01272	138	7	5.35409	0	0	0
GUT_GENOME052135	GUT_GENOME052135_01273	279	36	13.0269	12.4865	0	0
GUT_GENOME052135	GUT_GENOME052135_01274	149	16	11.3559	0	0	0
GUT_GENOME052135	GUT_GENOME052135_01275	230	16	11.9862	0	0	0
GUT_GENOME052135	GUT_GENOME052135_01276	192	392	12.9443	13.1645	190.899	131567
GUT_GENOME052135	GUT_GENOME052135_01277	459	2	1.64013	0	0	0
GUT_GENOME052135	GUT_GENOME052135_01278	208	9	4.98025	0	0	0
GUT_GENOME052135	GUT_GENOME052135_01279	608	90	14.3363	13.6946	26.3582	2283794
GUT_GENOME052135	GUT_GENOME052135_01281	301	23	10.4199	4.16551	0	0
GUT_GENOME052135	GUT_GENOME052135_01282	352	73	12.0458	15.1388	15.9814	28890
GUT_GENOME052135	GUT_GENOME052135_01283	225	41	13.2313	12.6757	0.587302	523846
GUT_GENOME052135	GUT_GENOME052135_01284	212	6	3.7975	0.5725	0	0
GUT_GENOME052135	GUT_GENOME052135_01285	131	6	4.82427	0	0	0
GUT_GENOME052135	GUT_GENOME052135_01286	63	0	0	0	0	0
GUT_GENOME052135	GUT_GENOME052135_01287	107	10	8.87923	0	0	0
GUT_GENOME052135	GUT_GENOME052135_01288	284	3	2.47778	0	0	0
GUT_GENOME052135	GUT_GENOME052135_01289	193	11	7.93466	0	0	0
GUT_GENOME052135	GUT_GENOME052135_01290	320	5	3.09306	0	0	0
GUT_GENOME052135	GUT_GENOME052135_01291	316	0	0	0	0	0
GUT_GENOME052135	GUT_GENOME052135_01292	276	176	0	0	78.0241	2
GUT_GENOME052135	GUT_GENOME052135_01293	86	1	1	0	0	0
GUT_GENOME052135	GUT_GENOME052135_01294	90	2	1.95161	0	0	0
GUT_GENOME052135	GUT_GENOME052135_01295	91	1	0.97076	0	0	0
GUT_GENOME052135	GUT_GENOME052135_01296	59	0	0	0	0	0
GUT_GENOME052135	GUT_GENOME052135_01297	261	2	1.7958	0	0	0
GUT_GENOME052135	GUT_GENOME052135_01298	134	1	0	0	1	239935
GUT_GENOME052135	GUT_GENOME052135_01299	128	1	0	0	1	239935
GUT_GENOME052135	GUT_GENOME052135_01300	53	0	0	0	0	0
GUT_GENOME052135	GUT_GENOME052135_01301	85	0	0	0	0	0
GUT_GENOME052135	GUT_GENOME052135_01302	54	0	0	0	0	0
GUT_GENOME052135	GUT_GENOME052135_01303	86	1	1	0	0	0
GUT_GENOME052135	GUT_GENOME052135_01304	85	2	1.98889	0	0	0
GUT_GENOME052135	GUT_GENOME052135_01305	362	59	12.392	15.0388	10.518	2283794
GUT_GENOME052135	GUT_GENOME052135_01306	249	463	11.3694	7.4551	276.788	131567
GUT_GENOME052135	GUT_GENOME052135_01307	395	460	13.6877	9.29306	178.914	2157
GUT_GENOME052135	GUT_GENOME052135_01308	293	42	13.2364	14.3625	0.637478	523846
GUT_GENOME052135	GUT_GENOME052135_01309	176	5	3.7746	0	0	0
GUT_GENOME052135	GUT_GENOME052135_01310	213	70	13.2009	14.818	13.2648	523846
GUT_GENOME052135	GUT_GENOME052135_01311	263	17	5.28125	0	4.87868	1239
GUT_GENOME052135	GUT_GENOME052135_01312	200	1	0	0	0.989975	39483
GUT_GENOME052135	GUT_GENOME052135_01313	139	5	0	0	4.09434	39483
GUT_GENOME052135	GUT_GENOME052135_01314	542	195	14.4756	17.109	88.0517	28890
GUT_GENOME052135	GUT_GENOME052135_01315	77	0	0	0	0	0
GUT_GENOME052135	GUT_GENOME052135_01316	75	0	0	0	0	0
GUT_GENOME052135	GUT_GENOME052135_01317	66	0	0	0	0	0
GUT_GENOME052135	GUT_GENOME052135_01318	400	267	14.5079	14.9447	118.093	2283794
GUT_GENOME052135	GUT_GENOME052135_01319	44	0	0	0	0	0
GUT_GENOME052135	GUT_GENOME052135_01320	92	0	0	0	0	0
GUT_GENOME052135	GUT_GENOME052135_01321	222	9	5.18344	0	0.52349	2817839
GUT_GENOME052135	GUT_GENOME052135_01322	56	0	0	0	0	0
GUT_GENOME052135	GUT_GENOME052135_01323	167	36	12.7399	12.4737	0.653251	523846
GUT_GENOME052135	GUT_GENOME052135_01324	454	138	14.0543	13.4601	54.1153	523846
GUT_GENOME052135	GUT_GENOME052135_01325	288	6	2.52867	1.55376	0	0
GUT_GENOME052135	GUT_GENOME052135_01326	347	6	2.83676	1.06912	0	0
GUT_GENOME052135	GUT_GENOME052135_01327	132	51	12.7018	12.3127	12.5891	2283794
GUT_GENOME052135	GUT_GENOME052135_01328	260	36	11.7931	7.92146	2.64176	2259
GUT_GENOME052135	GUT_GENOME052135_01329	159	8	5.93631	0	0	0
GUT_GENOME052135	GUT_GENOME052135_01330	114	17	13.9313	0	0	0
GUT_GENOME052135	GUT_GENOME052135_01331	118	2	1.90171	0	0	0
GUT_GENOME052135	GUT_GENOME052135_01332	144	461	13.1067	14.2333	287.997	131567
GUT_GENOME052135	GUT_GENOME052135_01333	451	10	6.26167	0.554054	0	0
GUT_GENOME052135	GUT_GENOME052135_01334	619	38	13.7954	16.4962	0	0
